Date,Price,Open,High,Low,Vol.,Change %,1,Predict
1-Jan-17,995.4,963.4,"1,001.60",956.1,41.15K,0.0333,41.15,"1,017.00"
2-Jan-17,"1,017.00",995.4,"1,031.70",990.2,64.95K,0.0217,64.95,"1,033.30"
3-Jan-17,"1,033.30","1,017.00","1,035.50","1,006.50",54.79K,0.016,54.79,"1,135.40"
4-Jan-17,"1,135.40","1,033.30","1,148.50","1,022.30",156.27K,0.0988,156.27,989.3
5-Jan-17,989.3,"1,135.40","1,150.60",874.5,240.01K,-0.1286,240.01,886.2
6-Jan-17,886.2,989.3,"1,027.40",852.5,194.29K,-0.1043,194.29,888.9
7-Jan-17,888.9,886.2,900.9,806.7,130.66K,0.0031,130.66,900.9
8-Jan-17,900.9,888.9,936.1,875.8,76.91K,0.0135,76.91,899.8
9-Jan-17,899.8,900.9,910.5,870.9,62.58K,-0.0012,62.58,904.4
10-Jan-17,904.4,899.8,911.3,890.1,53.71K,0.0051,53.71,785.4
11-Jan-17,785.4,904.4,917.7,751.6,194.44K,-0.1315,194.44,810.1
12-Jan-17,810.1,785.4,828.2,739.5,120.24K,0.0314,120.24,824.8
13-Jan-17,824.8,810.1,835,771,89.86K,0.0182,89.86,819.6
14-Jan-17,819.6,824.8,838.9,808.3,44.21K,-0.0063,44.21,821.2
15-Jan-17,821.2,819.6,826.4,808.6,24.40K,0.0019,24.4,827.3
16-Jan-17,827.3,821.2,836.7,817.7,33.22K,0.0075,33.22,899.7
17-Jan-17,899.7,827.3,906.4,825,82.21K,0.0874,82.21,872
18-Jan-17,872,899.7,913.7,845.9,69.26K,-0.0307,69.26,895.2
19-Jan-17,895.2,872,905.3,870.7,58.44K,0.0266,58.44,892.9
20-Jan-17,892.9,895.2,901.5,878.9,38.87K,-0.0026,38.87,919.8
21-Jan-17,919.8,892.9,928.9,889.5,40.38K,0.0302,40.38,918.8
22-Jan-17,918.8,919.8,938.4,888.6,47.93K,-0.0011,47.93,921.5
23-Jan-17,921.5,918.8,928,910.8,32.74K,0.0029,32.74,893.8
24-Jan-17,893.8,921.5,925.6,889.2,58.87K,-0.0301,58.87,894.4
25-Jan-17,894.4,893.8,905.7,883.6,37.90K,0.0007,37.9,915.6
26-Jan-17,915.6,894.4,919.3,893.5,33.80K,0.0236,33.8,918
27-Jan-17,918,915.6,922.6,907.9,30.97K,0.0027,30.97,918.5
28-Jan-17,918.5,918,921.9,912.8,14.31K,0.0005,14.31,914.5
29-Jan-17,914.5,918.5,922.4,912.7,11.05K,-0.0043,11.05,920.7
30-Jan-17,920.7,914.5,922.3,911.5,19.06K,0.0068,19.06,965.5
31-Jan-17,965.5,920.7,967.5,917.4,54.67K,0.0486,54.67,982.4
1-Feb-17,982.4,965.5,986.6,959.8,45.22K,0.0175,45.22,"1,004.00"
2-Feb-17,"1,004.00",982.4,"1,009.10",973.5,50.86K,0.0219,50.86,"1,013.00"
3-Feb-17,"1,013.00","1,004.00","1,023.70",989.2,61.67K,0.009,61.67,"1,031.80"
4-Feb-17,"1,031.80","1,013.00","1,041.00","1,000.40",39.46K,0.0186,39.46,"1,016.10"
5-Feb-17,"1,016.10","1,031.80","1,033.70","1,004.00",31.06K,-0.0153,31.06,"1,024.70"
6-Feb-17,"1,024.70","1,016.10","1,030.60","1,010.80",32.02K,0.0084,32.02,"1,049.60"
7-Feb-17,"1,049.60","1,024.70","1,054.10","1,019.90",39.55K,0.0243,39.55,"1,055.50"
8-Feb-17,"1,055.50","1,049.60","1,069.20","1,020.30",65.15K,0.0056,65.15,979
9-Feb-17,979,"1,055.50","1,073.00",924.7,146.75K,-0.0725,146.75,997.6
10-Feb-17,997.6,979,"1,005.60",947,62.13K,0.0191,62.13,"1,008.30"
11-Feb-17,"1,008.30",997.6,"1,014.30",983.9,28.32K,0.0107,28.32,996.5
12-Feb-17,996.5,"1,008.30","1,007.80",992.5,14.75K,-0.0117,14.75,995.4
13-Feb-17,995.4,996.5,"1,007.60",975.1,32.91K,-0.0012,32.91,"1,008.30"
14-Feb-17,"1,008.30",995.4,"1,013.80",986.5,39.54K,0.013,39.54,"1,008.20"
15-Feb-17,"1,008.20","1,008.30","1,010.90",999.7,23.36K,-0.0001,23.36,"1,031.90"
16-Feb-17,"1,031.90","1,008.20","1,040.30","1,007.40",38.08K,0.0235,38.08,"1,049.40"
17-Feb-17,"1,049.40","1,031.90","1,057.40","1,025.90",45.71K,0.0169,45.71,"1,052.30"
18-Feb-17,"1,052.30","1,049.40","1,063.20","1,044.70",25.36K,0.0027,25.36,"1,048.90"
19-Feb-17,"1,048.90","1,052.30","1,056.50","1,037.70",17.95K,-0.0032,17.95,"1,077.60"
20-Feb-17,"1,077.60","1,048.90","1,081.80","1,041.00",31.01K,0.0273,31.01,"1,119.00"
21-Feb-17,"1,119.00","1,077.60","1,123.00","1,073.50",57.05K,0.0385,57.05,"1,120.50"
22-Feb-17,"1,120.50","1,119.00","1,132.30","1,094.80",47.91K,0.0013,47.91,"1,171.90"
23-Feb-17,"1,171.90","1,120.50","1,181.60","1,113.50",65.74K,0.0459,65.74,"1,176.50"
24-Feb-17,"1,176.50","1,171.90","1,211.70","1,092.40",108.17K,0.0039,108.17,"1,149.10"
25-Feb-17,"1,149.10","1,176.50","1,180.00","1,116.20",45.86K,-0.0233,45.86,"1,171.60"
26-Feb-17,"1,171.60","1,149.10","1,177.50","1,130.60",30.77K,0.0196,30.77,"1,188.80"
27-Feb-17,"1,188.80","1,171.60","1,195.80","1,164.30",35.47K,0.0147,35.47,"1,189.30"
28-Feb-17,"1,189.30","1,188.80","1,208.20","1,175.80",50.58K,0.0004,50.58,"1,222.70"
1-Mar-17,"1,222.70","1,189.30","1,225.00","1,154.60",51.15K,0.0281,51.15,"1,255.50"
2-Mar-17,"1,255.50","1,222.70","1,287.00","1,212.00",78.49K,0.0268,78.49,"1,283.30"
3-Mar-17,"1,283.30","1,255.50","1,291.30","1,250.80",67.28K,0.0222,67.28,"1,264.30"
4-Mar-17,"1,264.30","1,283.30","1,285.80","1,228.70",38.42K,-0.0148,38.42,"1,271.20"
5-Mar-17,"1,271.20","1,264.30","1,273.30","1,242.10",25.43K,0.0055,25.43,"1,277.00"
6-Mar-17,"1,277.00","1,271.20","1,280.60","1,261.00",31.03K,0.0046,31.03,"1,232.70"
7-Mar-17,"1,232.70","1,277.00","1,280.90","1,148.70",87.72K,-0.0347,87.72,"1,147.00"
8-Mar-17,"1,147.00","1,232.70","1,242.00","1,136.90",97.88K,-0.0695,97.88,"1,191.30"
9-Mar-17,"1,191.30","1,147.00","1,207.00","1,129.30",59.86K,0.0387,59.86,"1,112.40"
10-Mar-17,"1,112.40","1,191.30","1,330.40",988.7,190.47K,-0.0663,190.47,"1,179.20"
11-Mar-17,"1,179.20","1,112.40","1,202.70","1,104.80",70.75K,0.0601,70.75,"1,225.10"
12-Mar-17,"1,225.10","1,179.20","1,235.50","1,160.90",44.41K,0.0389,44.41,"1,238.20"
13-Mar-17,"1,238.20","1,225.10","1,245.60","1,205.60",60.46K,0.0107,60.46,"1,243.10"
14-Mar-17,"1,243.10","1,238.20","1,255.50","1,218.40",45.14K,0.004,45.14,"1,253.40"
15-Mar-17,"1,253.40","1,243.10","1,256.90","1,236.40",43.59K,0.0083,43.59,"1,172.90"
16-Mar-17,"1,172.90","1,253.40","1,260.20","1,119.00",132.77K,-0.0643,132.77,"1,071.70"
17-Mar-17,"1,071.70","1,172.90","1,174.90","1,063.50",163.74K,-0.0863,163.74,971.4
18-Mar-17,971.4,"1,071.70","1,103.60",940.2,210.42K,-0.0936,210.42,"1,022.60"
19-Mar-17,"1,022.60",971.4,"1,063.70",967.3,106.45K,0.0527,106.45,"1,047.50"
20-Mar-17,"1,047.50","1,022.60","1,057.50","1,005.00",61.43K,0.0244,61.43,"1,121.30"
21-Mar-17,"1,121.30","1,047.50","1,125.50","1,043.90",92.59K,0.0704,92.59,"1,044.70"
22-Mar-17,"1,044.70","1,121.30","1,121.90",997.8,115.29K,-0.0683,115.29,"1,035.00"
23-Mar-17,"1,035.00","1,044.70","1,062.80","1,022.00",56.52K,-0.0093,56.52,939.7
24-Mar-17,939.7,"1,035.00","1,038.40",927.3,132.60K,-0.0921,132.6,966.3
25-Mar-17,966.3,939.7,996,890.4,127.05K,0.0283,127.05,969.4
26-Mar-17,969.4,966.3,"1,004.30",946.7,85.33K,0.0032,85.33,"1,045.10"
27-Mar-17,"1,045.10",969.4,"1,048.80",961.8,91.26K,0.0781,91.26,"1,044.40"
28-Mar-17,"1,044.40","1,045.10","1,068.40","1,015.50",80.00K,-0.0007,80,"1,041.90"
29-Mar-17,"1,041.90","1,044.40","1,058.70","1,008.30",68.85K,-0.0024,68.85,"1,037.90"
30-Mar-17,"1,037.90","1,041.90","1,052.70","1,020.90",74.99K,-0.0038,74.99,"1,079.10"
31-Mar-17,"1,079.10","1,037.90","1,088.20","1,035.20",90.99K,0.0397,90.99,"1,086.10"
1-Apr-17,"1,086.10","1,079.10","1,103.70","1,067.50",50.66K,0.0065,50.66,"1,097.40"
2-Apr-17,"1,097.40","1,086.10","1,109.50","1,074.20",70.98K,0.0104,70.98,"1,147.60"
3-Apr-17,"1,147.60","1,097.40","1,157.90","1,095.60",98.50K,0.0457,98.5,"1,141.80"
4-Apr-17,"1,141.80","1,147.60","1,161.20","1,122.20",71.00K,-0.005,71,"1,129.90"
5-Apr-17,"1,129.90","1,141.80","1,143.80","1,110.10",69.47K,-0.0104,69.47,"1,188.70"
6-Apr-17,"1,188.70","1,129.90","1,201.60","1,130.50",92.36K,0.0521,92.36,"1,190.50"
7-Apr-17,"1,190.50","1,188.70","1,201.20","1,173.20",59.75K,0.0015,59.75,"1,180.80"
8-Apr-17,"1,180.80","1,190.50","1,198.20","1,166.70",33.18K,-0.0082,33.18,"1,204.30"
9-Apr-17,"1,204.30","1,180.80","1,215.10","1,174.00",45.35K,0.02,45.35,"1,206.70"
10-Apr-17,"1,206.70","1,204.30","1,214.90","1,194.80",40.01K,0.002,40.01,"1,220.70"
11-Apr-17,"1,220.70","1,206.70","1,229.60","1,195.80",37.40K,0.0116,37.4,"1,212.50"
12-Apr-17,"1,212.50","1,220.70","1,225.50","1,207.40",44.78K,-0.0067,44.78,"1,176.20"
13-Apr-17,"1,176.20","1,212.50","1,218.70","1,150.30",66.05K,-0.03,66.05,"1,177.30"
14-Apr-17,"1,177.30","1,176.20","1,195.40","1,162.20",47.22K,0.001,47.22,"1,177.00"
15-Apr-17,"1,177.00","1,177.30","1,194.80",841.5,28.39K,-0.0003,28.39,"1,176.80"
16-Apr-17,"1,176.80","1,177.00","1,188.00","1,166.70",18.93K,-0.0002,18.93,"1,194.00"
17-Apr-17,"1,194.00","1,176.80","1,203.00","1,172.80",46.48K,0.0146,46.48,"1,206.10"
18-Apr-17,"1,206.10","1,194.00","1,213.90","1,191.10",52.75K,0.0101,52.75,"1,215.20"
19-Apr-17,"1,215.20","1,206.10","1,218.20","1,194.10",43.35K,0.0076,43.35,"1,238.10"
20-Apr-17,"1,238.10","1,215.20","1,246.60","1,210.70",55.20K,0.0188,55.2,"1,249.60"
21-Apr-17,"1,249.60","1,238.10","1,257.00","1,235.60",41.34K,0.0093,41.34,"1,240.90"
22-Apr-17,"1,240.90","1,249.60","1,257.00","1,215.80",43.82K,-0.007,43.82,"1,249.10"
23-Apr-17,"1,249.10","1,240.90","1,256.20","1,223.10",42.61K,0.0066,42.61,"1,248.20"
24-Apr-17,"1,248.20","1,249.10","1,256.40","1,234.90",38.54K,-0.0008,38.54,"1,264.30"
25-Apr-17,"1,264.30","1,248.20","1,272.60","1,244.20",43.89K,0.0129,43.89,"1,286.60"
26-Apr-17,"1,286.60","1,264.30","1,309.20","1,263.00",58.91K,0.0177,58.91,"1,332.90"
27-Apr-17,"1,332.90","1,286.60","1,346.80","1,285.30",61.77K,0.036,61.77,"1,329.60"
28-Apr-17,"1,329.60","1,332.90","1,356.20","1,287.60",77.57K,-0.0025,77.57,"1,336.30"
29-Apr-17,"1,336.30","1,329.60","1,343.70","1,314.20",40.97K,0.005,40.97,"1,351.90"
30-Apr-17,"1,351.90","1,336.30","1,358.90","1,309.70",40.64K,0.0117,40.64,"1,415.80"
1-May-17,"1,415.80","1,351.90","1,448.70","1,342.80",100.44K,0.0473,100.44,"1,445.90"
2-May-17,"1,445.90","1,415.80","1,471.10","1,394.80",70.01K,0.0213,70.01,"1,485.60"
3-May-17,"1,485.60","1,445.90","1,496.40","1,424.10",81.72K,0.0274,81.72,"1,516.80"
4-May-17,"1,516.80","1,485.60","1,609.80","1,437.10",136.71K,0.021,136.71,"1,507.80"
5-May-17,"1,507.80","1,516.80","1,588.10","1,485.00",120.38K,-0.0059,120.38,"1,545.30"
6-May-17,"1,545.30","1,507.80","1,560.40","1,503.90",59.60K,0.0249,59.6,"1,554.40"
7-May-17,"1,554.40","1,545.30","1,572.90","1,495.20",71.36K,0.0059,71.36,"1,664.50"
8-May-17,"1,664.50","1,554.40","1,667.70","1,552.90",107.23K,0.0708,107.23,"1,697.50"
9-May-17,"1,697.50","1,664.50","1,757.40","1,620.00",127.23K,0.0198,127.23,"1,752.30"
10-May-17,"1,752.30","1,697.50","1,766.20","1,665.00",89.68K,0.0323,89.68,"1,819.30"
11-May-17,"1,819.30","1,752.30","1,864.80","1,741.50",109.01K,0.0382,109.01,"1,686.40"
12-May-17,"1,686.40","1,819.30","1,822.50","1,641.20",109.34K,-0.0731,109.34,"1,763.70"
13-May-17,"1,763.70","1,686.40","1,770.50","1,594.60",75.47K,0.0459,75.47,"1,772.60"
14-May-17,"1,772.60","1,763.70","1,802.80","1,736.10",40.64K,0.005,40.64,"1,708.90"
15-May-17,"1,708.90","1,772.60","1,776.70","1,656.80",80.24K,-0.0359,80.24,"1,729.30"
16-May-17,"1,729.30","1,708.90","1,752.60","1,653.70",75.54K,0.0119,75.54,"1,801.30"
17-May-17,"1,801.30","1,729.30","1,842.80","1,704.00",94.62K,0.0416,94.62,"1,881.00"
18-May-17,"1,881.00","1,801.30","1,980.50","1,791.10",73.10K,0.0442,73.1,"1,962.00"
19-May-17,"1,962.00","1,881.00","1,969.70","1,875.30",98.76K,0.0431,98.76,"2,040.20"
20-May-17,"2,040.20","1,962.00","2,048.40","1,944.40",89.86K,0.0398,89.86,"2,044.20"
21-May-17,"2,044.20","2,040.20","2,094.90","1,980.10",78.78K,0.002,78.78,"2,124.40"
22-May-17,"2,124.40","2,044.20","2,264.80","1,998.60",174.38K,0.0392,174.38,"2,272.60"
23-May-17,"2,272.60","2,124.40","2,286.30","2,110.80",114.18K,0.0697,114.18,"2,445.30"
24-May-17,"2,445.30","2,272.60","2,497.00","2,263.30",149.26K,0.076,149.26,"2,307.20"
25-May-17,"2,307.20","2,445.30","2,781.80","2,210.50",248.44K,-0.0565,248.44,"2,244.90"
26-May-17,"2,244.90","2,307.00","2,616.50","2,051.40",191.49K,-0.027,191.49,"2,052.40"
27-May-17,"2,052.40","2,244.90","2,322.40","1,868.60",222.95K,-0.0857,222.95,"2,189.00"
28-May-17,"2,189.00","2,052.40","2,300.50","2,051.10",125.00K,0.0666,125,"2,278.20"
29-May-17,"2,278.20","2,189.00","2,337.40","2,117.30",92.24K,0.0407,92.24,"2,192.60"
30-May-17,"2,192.60","2,278.20","2,329.30","2,147.10",120.96K,-0.0376,120.96,"2,303.30"
31-May-17,"2,303.30","2,192.60","2,330.60","2,168.40",117.75K,0.0505,117.75,"2,412.60"
1-Jun-17,"2,412.60","2,303.30","2,460.80","2,303.30",122.70K,0.0475,122.7,"2,492.60"
2-Jun-17,"2,492.60","2,412.60","2,494.00","2,385.60",83.03K,0.0331,83.03,"2,545.40"
3-Jun-17,"2,545.40","2,492.60","2,582.80","2,449.90",70.96K,0.0212,70.96,"2,524.10"
4-Jun-17,"2,524.10","2,545.40","2,559.80","2,478.20",59.48K,-0.0084,59.48,"2,705.00"
5-Jun-17,"2,705.00","2,524.10","2,705.40","2,523.90",86.69K,0.0717,86.69,"2,870.50"
6-Jun-17,"2,870.50","2,705.00","2,931.20","2,699.70",192.23K,0.0612,192.23,"2,691.50"
7-Jun-17,"2,691.50","2,870.50","2,880.90","2,626.60",122.68K,-0.0624,122.68,"2,798.80"
8-Jun-17,"2,798.80","2,691.50","2,808.40","2,623.60",95.42K,0.0399,95.42,"2,811.40"
9-Jun-17,"2,811.40","2,798.80","2,852.10","2,786.10",67.05K,0.0045,67.05,"2,900.30"
10-Jun-17,"2,900.30","2,811.40","2,914.20","2,807.40",86.52K,0.0316,86.52,"2,973.40"
11-Jun-17,"2,973.40","2,900.30","2,977.90","2,867.30",83.03K,0.0252,83.03,"2,656.80"
12-Jun-17,"2,656.80","2,973.40","2,985.10","2,483.60",217.96K,-0.1065,217.96,"2,713.00"
13-Jun-17,"2,713.00","2,656.80","2,784.80","2,647.40",116.74K,0.0212,116.74,"2,467.30"
14-Jun-17,"2,467.30","2,713.00","2,803.70","2,349.00",174.19K,-0.0906,174.19,"2,442.50"
15-Jun-17,"2,442.50","2,467.30","2,521.60","2,125.60",262.79K,-0.0101,262.79,"2,508.60"
16-Jun-17,"2,508.60","2,442.50","2,536.40","2,335.30",117.21K,0.0271,117.21,"2,655.10"
17-Jun-17,"2,655.10","2,508.60","2,690.70","2,454.80",95.95K,0.0584,95.95,"2,539.60"
18-Jun-17,"2,539.60","2,655.10","2,676.00","2,488.60",92.00K,-0.0435,92,"2,616.80"
19-Jun-17,"2,616.80","2,539.60","2,617.80","2,518.80",81.83K,0.0304,81.83,"2,754.40"
20-Jun-17,"2,754.40","2,616.80","2,800.50","2,614.00",111.30K,0.0526,111.3,"2,677.60"
21-Jun-17,"2,677.60","2,754.40","2,804.40","2,624.40",116.03K,-0.0279,116.03,"2,722.80"
22-Jun-17,"2,722.80","2,677.60","2,757.30","2,623.20",78.30K,0.0169,78.3,"2,710.40"
23-Jun-17,"2,710.40","2,722.80","2,759.70","2,699.50",56.94K,-0.0046,56.94,"2,590.10"
24-Jun-17,"2,590.10","2,710.40","2,741.60","2,540.40",86.96K,-0.0444,86.96,"2,541.60"
25-Jun-17,"2,541.60","2,590.10","2,660.70","2,472.40",86.97K,-0.0187,86.97,"2,446.10"
26-Jun-17,"2,446.10","2,541.60","2,584.80","2,327.30",165.83K,-0.0376,165.83,"2,583.80"
27-Jun-17,"2,583.80","2,446.10","2,585.10","2,309.60",159.26K,0.0563,159.26,"2,577.70"
28-Jun-17,"2,577.70","2,583.80","2,616.90","2,490.10",110.42K,-0.0023,110.42,"2,558.40"
29-Jun-17,"2,558.40","2,577.70","2,605.90","2,526.50",75.32K,-0.0075,75.32,"2,480.60"
30-Jun-17,"2,480.60","2,558.40","2,576.30","2,469.50",73.00K,-0.0304,73,"2,424.60"
1-Jul-17,"2,424.60","2,480.60","2,529.60","2,387.50",66.32K,-0.0226,66.32,"2,536.50"
2-Jul-17,"2,536.50","2,424.60","2,555.30","2,375.90",67.76K,0.0461,67.76,"2,572.50"
3-Jul-17,"2,572.50","2,536.50","2,617.50","2,506.30",83.42K,0.0142,83.42,"2,617.30"
4-Jul-17,"2,617.30","2,572.50","2,658.70","2,570.00",80.68K,0.0174,80.68,"2,627.90"
5-Jul-17,"2,627.90","2,617.30","2,642.70","2,562.00",89.72K,0.004,89.72,"2,614.20"
6-Jul-17,"2,614.20","2,627.90","2,634.80","2,581.80",60.16K,-0.0052,60.16,"2,513.90"
7-Jul-17,"2,513.90","2,614.20","2,617.50","2,484.70",90.45K,-0.0384,90.45,"2,564.90"
8-Jul-17,"2,564.90","2,513.90","2,568.70","2,480.60",54.51K,0.0203,54.51,"2,511.40"
9-Jul-17,"2,511.40","2,564.90","2,576.70","2,509.60",39.16K,-0.0208,39.16,"2,344.00"
10-Jul-17,"2,344.00","2,511.40","2,530.30","2,271.80",123.80K,-0.0667,123.8,"2,324.30"
11-Jul-17,"2,324.30","2,344.00","2,412.80","2,265.50",146.63K,-0.0084,146.63,"2,403.10"
12-Jul-17,"2,403.10","2,324.30","2,424.80","2,262.10",109.52K,0.0339,109.52,"2,362.40"
13-Jul-17,"2,362.40","2,403.10","2,436.70","2,335.00",88.17K,-0.0169,88.17,"2,234.20"
14-Jul-17,"2,234.20","2,362.40","2,370.50","2,165.40",114.41K,-0.0543,114.41,"1,975.10"
15-Jul-17,"1,975.10","2,234.20","2,237.10","1,974.00",155.32K,-0.116,155.32,"1,914.10"
16-Jul-17,"1,914.10","1,975.10","2,044.40","1,809.00",189.64K,-0.0309,189.64,"2,233.40"
17-Jul-17,"2,233.40","1,914.10","2,233.80","1,913.80",176.89K,0.1668,176.89,"2,320.20"
18-Jul-17,"2,320.20","2,233.40","2,400.70","2,164.60",202.62K,0.0389,202.62,"2,282.60"
19-Jul-17,"2,282.60","2,320.20","2,412.40","2,243.10",154.32K,-0.0162,154.32,"2,866.00"
20-Jul-17,"2,866.00","2,282.60","2,932.80","2,282.10",310.34K,0.2556,310.34,"2,675.10"
21-Jul-17,"2,675.10","2,866.00","2,874.00","2,622.50",193.76K,-0.0666,193.76,"2,836.50"
22-Jul-17,"2,836.50","2,675.10","2,876.70","2,658.60",121.92K,0.0604,121.92,"2,756.60"
23-Jul-17,"2,756.60","2,836.50","2,856.70","2,675.60",108.23K,-0.0282,108.23,"2,763.40"
24-Jul-17,"2,763.40","2,756.60","2,798.90","2,715.70",83.01K,0.0025,83.01,"2,582.60"
25-Jul-17,"2,582.60","2,763.40","2,779.10","2,472.60",205.88K,-0.0654,205.88,"2,559.20"
26-Jul-17,"2,559.20","2,582.60","2,631.70","2,441.50",135.50K,-0.009,135.5,"2,691.90"
27-Jul-17,"2,691.90","2,559.20","2,712.90","2,547.70",103.83K,0.0518,103.83,"2,806.80"
28-Jul-17,"2,806.80","2,691.90","2,843.80","2,683.60",138.91K,0.0427,138.91,"2,733.50"
29-Jul-17,"2,733.50","2,806.80","2,812.10","2,699.40",84.49K,-0.0261,84.49,"2,766.50"
30-Jul-17,"2,766.50","2,733.50","2,773.10","2,621.70",82.72K,0.0121,82.72,"2,883.30"
31-Jul-17,"2,883.30","2,766.50","2,916.30","2,723.10",91.12K,0.0422,91.12,"2,747.00"
1-Aug-17,"2,747.00","2,883.30","2,946.00","2,659.60",123.17K,-0.0473,123.17,"2,720.50"
2-Aug-17,"2,720.50","2,747.00","2,773.80","2,668.90",81.82K,-0.0096,81.82,"2,810.00"
3-Aug-17,"2,810.00","2,720.50","2,822.90","2,717.60",68.10K,0.0329,68.1,"2,878.50"
4-Aug-17,"2,878.50","2,810.00","2,892.70","2,779.50",68.76K,0.0244,68.76,"3,262.80"
5-Aug-17,"3,262.80","2,878.50","3,344.00","2,875.90",159.40K,0.1335,159.4,"3,232.00"
6-Aug-17,"3,232.00","3,262.80","3,295.10","3,166.50",60.66K,-0.0094,60.66,"3,401.90"
7-Aug-17,"3,401.90","3,232.00","3,425.10","3,198.50",88.11K,0.0526,88.11,"3,429.40"
8-Aug-17,"3,429.40","3,401.90","3,494.90","3,357.10",106.94K,0.0081,106.94,"3,348.80"
9-Aug-17,"3,348.80","3,429.40","3,437.10","3,251.00",97.06K,-0.0235,97.06,"3,425.70"
10-Aug-17,"3,425.70","3,348.80","3,453.80","3,322.90",71.00K,0.023,71,"3,654.40"
11-Aug-17,"3,654.40","3,425.70","3,706.50","3,409.80",97.56K,0.0668,97.56,"3,871.60"
12-Aug-17,"3,871.60","3,654.40","3,967.30","3,611.40",123.59K,0.0594,123.59,"4,062.60"
13-Aug-17,"4,062.60","3,871.60","4,189.40","3,847.30",158.59K,0.0493,158.59,"4,327.90"
14-Aug-17,"4,327.90","4,062.60","4,336.70","3,978.90",128.46K,0.0653,128.46,"4,161.70"
15-Aug-17,"4,161.70","4,327.90","4,436.50","3,837.10",211.58K,-0.0384,211.58,"4,387.40"
16-Aug-17,"4,387.40","4,161.70","4,398.10","3,938.60",112.90K,0.0542,112.9,"4,278.90"
17-Aug-17,"4,278.90","4,387.40","4,487.50","4,194.10",127.48K,-0.0247,127.48,"4,105.40"
18-Aug-17,"4,105.40","4,278.90","4,362.70","3,978.30",144.40K,-0.0406,144.4,"4,150.50"
19-Aug-17,"4,150.50","4,105.40","4,189.70","3,957.50",113.72K,0.011,113.72,"4,066.60"
20-Aug-17,"4,066.60","4,150.50","4,182.30","4,034.40",70.16K,-0.0202,70.16,"4,005.10"
21-Aug-17,"4,005.10","4,066.60","4,097.30","3,966.90",90.65K,-0.0151,90.65,"4,089.70"
22-Aug-17,"4,089.70","4,005.10","4,142.70","3,612.20",169.14K,0.0211,169.14,"4,141.10"
23-Aug-17,"4,141.10","4,089.70","4,255.60","4,070.50",96.65K,0.0126,96.65,"4,318.40"
24-Aug-17,"4,318.40","4,141.10","4,364.10","4,111.70",72.36K,0.0428,72.36,"4,364.40"
25-Aug-17,"4,364.40","4,318.40","4,461.70","4,292.60",82.90K,0.0107,82.9,"4,352.30"
26-Aug-17,"4,352.30","4,364.40","4,379.30","4,263.30",46.16K,-0.0028,46.16,"4,345.80"
27-Aug-17,"4,345.80","4,352.30","4,408.20","4,321.10",42.52K,-0.0015,42.52,"4,390.30"
28-Aug-17,"4,390.30","4,345.80","4,403.10","4,195.20",75.49K,0.0103,75.49,"4,597.30"
29-Aug-17,"4,597.30","4,390.30","4,647.80","4,350.20",100.80K,0.0471,100.8,"4,583.00"
30-Aug-17,"4,583.00","4,597.30","4,644.10","4,491.80",68.47K,-0.0031,68.47,"4,735.10"
31-Aug-17,"4,735.10","4,583.00","4,765.10","4,580.10",72.29K,0.0332,72.29,"4,921.90"
1-Sep-17,"4,921.90","4,735.10","4,925.20","4,690.20",102.01K,0.0394,102.01,"4,573.80"
2-Sep-17,"4,573.80","4,921.90","4,976.50","4,448.60",160.77K,-0.0707,160.77,"4,612.90"
3-Sep-17,"4,612.90","4,573.80","4,719.80","4,397.70",102.82K,0.0086,102.82,"4,267.50"
4-Sep-17,"4,267.50","4,612.90","4,621.00","4,098.60",170.40K,-0.0749,170.4,"4,409.10"
5-Sep-17,"4,409.10","4,267.50","4,496.70","4,004.60",158.41K,0.0332,158.41,"4,618.70"
6-Sep-17,"4,618.70","4,409.10","4,660.00","4,401.50",110.93K,0.0475,110.93,"4,635.60"
7-Sep-17,"4,635.60","4,618.70","4,690.50","4,493.20",70.53K,0.0037,70.53,"4,326.50"
8-Sep-17,"4,326.50","4,635.60","4,699.60","4,130.90",180.36K,-0.0667,180.36,"4,335.10"
9-Sep-17,"4,335.10","4,326.50","4,402.10","4,185.30",77.09K,0.002,77.09,"4,245.90"
10-Sep-17,"4,245.90","4,335.10","4,338.10","4,032.10",108.08K,-0.0206,108.08,"4,217.90"
11-Sep-17,"4,217.90","4,245.90","4,364.40","4,134.60",88.76K,-0.0066,88.76,"4,158.90"
12-Sep-17,"4,158.90","4,217.90","4,387.80","4,075.00",107.04K,-0.014,107.04,"3,870.30"
13-Sep-17,"3,870.30","4,158.90","4,174.60","3,752.00",186.54K,-0.0694,186.54,"3,243.10"
14-Sep-17,"3,243.10","3,870.30","3,930.70","3,219.00",317.59K,-0.1621,317.59,"3,713.80"
15-Sep-17,"3,713.80","3,243.10","3,824.40","2,979.90",448.55K,0.1451,448.55,"3,698.90"
16-Sep-17,"3,698.90","3,713.80","3,893.70","3,551.80",169.36K,-0.004,169.36,"3,689.60"
17-Sep-17,"3,689.60","3,698.90","3,796.60","3,485.80",96.07K,-0.0025,96.07,"4,100.30"
18-Sep-17,"4,100.30","3,689.60","4,122.80","3,689.00",147.93K,0.1113,147.93,"3,908.00"
19-Sep-17,"3,908.00","4,100.30","4,120.70","3,852.20",123.22K,-0.0469,123.22,"3,882.20"
20-Sep-17,"3,882.20","3,908.00","4,053.00","3,846.80",86.65K,-0.0066,86.65,"3,617.30"
21-Sep-17,"3,617.30","3,882.20","3,912.80","3,576.50",145.13K,-0.0682,145.13,"3,600.80"
22-Sep-17,"3,600.80","3,617.30","3,753.50","3,505.80",114.72K,-0.0045,114.72,"3,788.00"
23-Sep-17,"3,788.00","3,600.80","3,813.40","3,563.20",67.82K,0.052,67.82,"3,667.50"
24-Sep-17,"3,667.50","3,788.00","3,790.90","3,633.90",49.66K,-0.0318,49.66,"3,932.80"
25-Sep-17,"3,932.80","3,667.50","3,971.50","3,665.70",100.20K,0.0723,100.2,"3,892.70"
26-Sep-17,"3,892.70","3,932.80","3,982.30","3,858.80",63.25K,-0.0102,63.25,"4,212.20"
27-Sep-17,"4,212.20","3,892.70","4,232.40","3,882.10",117.60K,0.0821,117.6,"4,195.60"
28-Sep-17,"4,195.60","4,212.20","4,274.60","4,112.90",92.23K,-0.0039,92.23,"4,172.80"
29-Sep-17,"4,172.80","4,195.60","4,237.50","4,030.40",97.80K,-0.0054,97.8,"4,360.60"
30-Sep-17,"4,360.60","4,172.80","4,383.30","4,164.30",67.49K,0.045,67.49,"4,403.10"
1-Oct-17,"4,403.10","4,360.60","4,412.60","4,258.30",60.58K,0.0097,60.58,"4,401.30"
2-Oct-17,"4,401.30","4,403.10","4,477.40","4,364.70",71.20K,-0.0004,71.2,"4,314.20"
3-Oct-17,"4,314.20","4,401.30","4,436.00","4,230.70",81.87K,-0.0198,81.87,"4,218.70"
4-Oct-17,"4,218.70","4,314.20","4,355.30","4,183.60",64.08K,-0.0221,64.08,"4,321.40"
5-Oct-17,"4,321.40","4,218.70","4,365.80","4,143.40",63.61K,0.0244,63.61,"4,371.90"
6-Oct-17,"4,371.90","4,321.40","4,422.10","4,296.90",61.69K,0.0117,61.69,"4,435.80"
7-Oct-17,"4,435.80","4,371.90","4,472.90","4,319.50",40.20K,0.0146,40.2,"4,611.70"
8-Oct-17,"4,611.70","4,435.80","4,622.90","4,419.40",71.37K,0.0397,71.37,"4,777.50"
9-Oct-17,"4,777.50","4,611.70","4,875.40","4,556.10",110.19K,0.0359,110.19,"4,763.40"
10-Oct-17,"4,763.40","4,777.50","4,930.00","4,722.80",98.49K,-0.003,98.49,"4,824.20"
11-Oct-17,"4,824.20","4,763.40","4,874.90","4,718.60",70.48K,0.0128,70.48,"5,432.60"
12-Oct-17,"5,432.60","4,824.20","5,432.60","4,815.00",163.92K,0.1261,163.92,"5,637.30"
13-Oct-17,"5,637.30","5,432.60","5,852.80","5,392.00",215.02K,0.0377,215.02,"5,824.70"
14-Oct-17,"5,824.70","5,637.30","5,839.60","5,568.90",76.22K,0.0333,76.22,"5,688.10"
15-Oct-17,"5,688.10","5,824.70","5,862.70","5,448.20",101.64K,-0.0234,101.64,"5,759.30"
16-Oct-17,"5,759.30","5,677.40","5,795.30","5,576.10",61.36K,0.0125,61.36,"5,598.60"
17-Oct-17,"5,598.60","5,759.30","5,773.30","5,521.10",65.64K,-0.0279,65.64,"5,575.80"
18-Oct-17,"5,575.80","5,598.60","5,601.30","5,114.90",122.02K,-0.0041,122.02,"5,698.60"
19-Oct-17,"5,698.60","5,576.70","5,737.40","5,517.60",83.06K,0.022,83.06,"5,993.10"
20-Oct-17,"5,993.10","5,698.60","6,075.30","5,611.40",123.86K,0.0517,123.86,"6,006.60"
21-Oct-17,"6,006.60","5,993.10","6,187.20","5,874.50",112.94K,0.0023,112.94,"5,982.90"
22-Oct-17,"5,982.90","6,006.60","6,070.60","5,723.00",105.03K,-0.004,105.03,"5,903.60"
23-Oct-17,"5,903.60","5,982.90","6,049.00","5,644.20",137.14K,-0.0132,137.14,"5,513.10"
24-Oct-17,"5,513.10","5,903.60","5,904.60","5,463.40",143.74K,-0.0662,143.74,"5,734.00"
25-Oct-17,"5,734.00","5,513.10","5,748.00","5,375.60",105.84K,0.0401,105.84,"5,887.60"
26-Oct-17,"5,887.60","5,734.00","5,970.40","5,689.90",93.68K,0.0268,93.68,"5,764.60"
27-Oct-17,"5,764.60","5,887.60","5,997.80","5,692.30",83.93K,-0.0209,83.93,"5,726.60"
28-Oct-17,"5,726.60","5,764.60","5,871.00","5,654.80",53.23K,-0.0066,53.23,"6,147.50"
29-Oct-17,"6,147.50","5,726.60","6,295.40","5,679.40",163.06K,0.0735,163.06,"6,124.30"
30-Oct-17,"6,124.30","6,147.70","6,226.20","6,019.00",78.62K,-0.0038,78.62,"6,451.20"
31-Oct-17,"6,451.20","6,124.30","6,467.20","6,090.80",101.25K,0.0534,101.25,"6,737.80"
1-Nov-17,"6,737.80","6,449.10","6,738.70","6,355.00",133.19K,0.0444,133.19,"7,024.80"
2-Nov-17,"7,024.80","6,737.80","7,339.90","6,737.80",238.80K,0.0426,238.8,"7,152.10"
3-Nov-17,"7,152.10","7,024.80","7,445.60","6,938.90",154.89K,0.0181,154.89,"7,363.80"
4-Nov-17,"7,363.80","7,147.00","7,492.20","6,957.80",106.60K,0.0296,106.6,"7,389.50"
5-Nov-17,"7,389.50","7,363.80","7,599.40","7,284.30",105.73K,0.0035,105.73,"6,959.20"
6-Nov-17,"6,959.20","7,389.50","7,429.70","6,934.70",159.69K,-0.0582,159.69,"7,102.80"
7-Nov-17,"7,102.80","6,959.30","7,222.40","6,957.80",101.05K,0.0206,101.05,"7,444.40"
8-Nov-17,"7,444.40","7,102.20","7,869.10","7,027.00",220.22K,0.0481,220.22,"7,129.60"
9-Nov-17,"7,129.60","7,444.40","7,457.10","7,040.80",126.77K,-0.0423,126.77,"6,565.80"
10-Nov-17,"6,565.80","7,129.60","7,319.00","6,406.00",222.00K,-0.0791,222,"6,339.90"
11-Nov-17,"6,339.90","6,565.80","6,821.50","6,197.90",135.72K,-0.0344,135.72,"5,878.10"
12-Nov-17,"5,878.10","6,339.90","6,490.50","5,493.60",269.83K,-0.0728,269.83,"6,522.50"
13-Nov-17,"6,522.50","5,878.10","6,760.10","5,828.30",178.34K,0.1096,178.34,"6,597.10"
14-Nov-17,"6,597.10","6,522.50","6,728.60","6,419.20",96.50K,0.0114,96.5,"7,283.20"
15-Nov-17,"7,283.20","6,597.10","7,330.10","6,596.90",131.12K,0.104,131.12,"7,853.70"
16-Nov-17,"7,853.70","7,283.00","7,964.60","7,119.20",133.94K,0.0783,133.94,"7,700.00"
17-Nov-17,"7,700.00","7,853.70","8,000.20","7,534.70",117.35K,-0.0196,117.35,"7,780.90"
18-Nov-17,"7,780.90","7,700.00","7,857.50","7,458.90",74.38K,0.0105,74.38,"8,042.60"
19-Nov-17,"8,042.60","7,781.00","8,100.90","7,675.40",68.62K,0.0336,68.62,"8,244.70"
20-Nov-17,"8,244.70","8,042.60","8,294.10","7,947.30",75.70K,0.0251,75.7,"8,100.00"
21-Nov-17,"8,100.00","8,245.90","8,368.40","7,819.10",115.45K,-0.0176,115.45,"8,234.50"
22-Nov-17,"8,234.50","8,099.90","8,304.40","8,091.60",65.81K,0.0166,65.81,"8,013.40"
23-Nov-17,"8,013.40","8,234.50","8,266.50","8,012.40",68.01K,-0.0269,68.01,"8,200.80"
24-Nov-17,"8,200.80","8,013.40","8,332.90","7,900.20",73.00K,0.0234,73,"8,754.70"
25-Nov-17,"8,754.70","8,203.50","8,762.00","8,153.70",84.67K,0.0675,84.67,"9,318.40"
26-Nov-17,"9,318.40","8,754.60","9,474.60","8,746.60",85.89K,0.0644,85.89,"9,733.20"
27-Nov-17,"9,733.20","9,318.40","9,733.60","9,316.80",106.90K,0.0445,106.9,"9,906.00"
28-Nov-17,"9,906.00","9,732.60","9,969.60","9,638.20",87.76K,0.0178,87.76,"9,837.90"
29-Nov-17,"9,837.90","9,906.00","11,417.80","8,938.70",233.33K,-0.0069,233.33,"9,946.80"
30-Nov-17,"9,946.80","9,848.00","10,689.10","9,023.80",187.01K,0.0111,187.01,"10,861.50"
1-Dec-17,"10,861.50","9,947.10","10,942.80","9,420.90",131.92K,0.092,131.92,"10,912.70"
2-Dec-17,"10,912.70","10,861.50","11,175.20","10,715.50",86.83K,0.0047,86.83,"11,246.20"
3-Dec-17,"11,246.20","10,912.70","11,851.10","10,578.40",122.13K,0.0306,122.13,"11,623.90"
4-Dec-17,"11,623.90","11,244.20","11,624.60","10,917.80",93.17K,0.0336,93.17,"11,667.10"
5-Dec-17,"11,667.10","11,624.40","11,901.90","11,486.10",89.69K,0.0037,89.69,"13,749.60"
6-Dec-17,"13,749.60","11,667.10","13,843.20","11,661.80",191.58K,0.1785,191.58,"16,850.30"
7-Dec-17,"16,850.30","13,750.10","16,879.30","13,401.60",297.11K,0.2255,297.11,"16,047.60"
8-Dec-17,"16,047.60","16,868.00","17,294.80","13,906.10",286.76K,-0.0476,286.76,"14,843.40"
9-Dec-17,"14,843.40","16,048.20","16,313.20","13,151.50",181.98K,-0.075,181.98,"15,059.60"
10-Dec-17,"15,059.60","14,840.00","15,783.20","13,031.00",201.62K,0.0146,201.62,"16,732.50"
11-Dec-17,"16,732.50","15,060.50","17,399.20","15,024.60",159.73K,0.1111,159.73,"17,083.90"
12-Dec-17,"17,083.90","16,733.30","17,560.70","16,254.50",132.85K,0.021,132.85,"16,286.80"
13-Dec-17,"16,286.80","17,083.90","17,268.00","15,669.90",155.41K,-0.0467,155.41,"16,467.90"
14-Dec-17,"16,467.90","16,286.80","16,941.10","16,023.60",107.92K,0.0111,107.92,"17,604.80"
15-Dec-17,"17,604.80","16,467.90","17,987.00","16,442.20",153.65K,0.069,153.65,"19,345.50"
16-Dec-17,"19,345.50","17,594.10","19,587.70","17,318.50",112.17K,0.0989,112.17,"19,065.70"
17-Dec-17,"19,065.70","19,346.60","19,870.60","18,750.90",117.41K,-0.0145,117.41,"18,972.30"
18-Dec-17,"18,972.30","19,065.70","19,221.10","18,114.40",139.25K,-0.0049,139.25,"17,523.70"
19-Dec-17,"17,523.70","18,971.20","19,022.00","16,812.80",174.54K,-0.0764,174.54,"16,462.00"
20-Dec-17,"16,462.00","17,521.70","17,813.60","15,642.70",227.68K,-0.0606,227.68,"15,632.10"
21-Dec-17,"15,632.10","16,461.10","17,301.80","14,953.00",163.74K,-0.0504,163.74,"13,665.00"
22-Dec-17,"13,665.00","15,632.10","15,823.70","10,875.70",466.98K,-0.1258,466.98,"14,396.50"
23-Dec-17,"14,396.50","13,665.00","15,493.20","13,356.10",170.17K,0.0535,170.17,"13,790.00"
24-Dec-17,"13,790.00","14,396.60","14,413.70","12,166.50",182.42K,-0.0421,182.42,"13,833.50"
25-Dec-17,"13,833.50","13,790.00","14,467.40","13,010.70",107.48K,0.0032,107.48,"15,756.60"
26-Dec-17,"15,756.60","13,830.20","16,094.70","13,748.50",143.14K,0.139,143.14,"15,416.60"
27-Dec-17,"15,416.60","15,757.00","16,514.60","14,534.70",138.71K,-0.0216,138.71,"14,398.70"
28-Dec-17,"14,398.70","15,416.30","15,505.50","13,466.10",170.37K,-0.066,170.37,"14,392.60"
29-Dec-17,"14,392.60","14,398.50","15,109.80","13,951.10",118.88K,-0.0004,118.88,"12,531.50"
30-Dec-17,"12,531.50","14,392.10","14,461.50","11,962.10",182.07K,-0.1293,182.07,"13,850.40"
31-Dec-17,"13,850.40","12,532.40","14,241.80","12,359.40",111.27K,0.1052,111.27,"13,444.90"
1-Jan-18,"13,444.90","13,850.50","13,921.50","12,877.70",78.43K,-0.0293,78.43,"14,754.10"
2-Jan-18,"14,754.10","13,444.90","15,306.10","12,934.20",137.73K,0.0974,137.73,"15,156.60"
3-Jan-18,"15,156.60","14,754.10","15,435.00","14,579.70",106.54K,0.0273,106.54,"15,180.10"
4-Jan-18,"15,180.10","15,156.50","15,408.70","14,244.70",110.97K,0.0015,110.97,"16,954.80"
5-Jan-18,"16,954.80","15,180.10","17,126.90","14,832.40",141.96K,0.1169,141.96,"17,172.30"
6-Jan-18,"17,172.30","16,954.80","17,252.80","16,286.60",83.93K,0.0128,83.93,"16,228.20"
7-Jan-18,"16,228.20","17,174.50","17,184.80","15,791.10",79.01K,-0.055,79.01,"14,976.20"
8-Jan-18,"14,976.20","16,228.30","16,302.90","13,902.30",142.45K,-0.0771,142.45,"14,778.50"
9-Jan-18,"14,778.50","14,976.20","15,324.60","14,613.40",71.40K,-0.0132,71.4,"15,043.00"
10-Jan-18,"15,043.00","14,778.50","15,045.40","13,613.10",87.07K,0.0179,87.07,"13,535.40"
11-Jan-18,"13,535.40","15,046.70","15,109.10","13,048.30",167.81K,-0.1002,167.81,"13,886.70"
12-Jan-18,"13,886.70","13,529.20","14,176.40","13,410.00",82.37K,0.026,82.37,"14,292.20"
13-Jan-18,"14,292.20","13,896.00","14,640.70","13,888.20",61.14K,0.0292,61.14,"13,695.20"
14-Jan-18,"13,695.20","14,291.90","14,446.10","13,094.70",85.12K,-0.0418,85.12,"13,697.50"
15-Jan-18,"13,697.50","13,695.50","14,396.60","13,475.40",73.27K,0.0002,73.27,"11,362.00"
16-Jan-18,"11,362.00","13,704.40","13,711.00","10,050.70",317.10K,-0.1705,317.1,"11,192.30"
17-Jan-18,"11,192.30","11,357.70","11,769.60","9,271.30",361.80K,-0.0149,361.8,"11,245.40"
18-Jan-18,"11,245.40","11,202.00","12,004.70","10,660.20",242.45K,0.0047,242.45,"11,580.20"
19-Jan-18,"11,580.20","11,229.60","11,973.20","10,901.50",170.74K,0.0298,170.74,"12,858.90"
20-Jan-18,"12,858.90","11,579.20","13,082.20","11,567.30",143.90K,0.1104,143.9,"11,594.90"
21-Jan-18,"11,594.90","12,857.10","12,860.20","11,164.50",206.96K,-0.0983,206.96,"10,864.80"
22-Jan-18,"10,864.80","11,597.50","11,970.90","10,136.80",201.73K,-0.063,201.73,"10,903.20"
23-Jan-18,"10,903.20","10,869.00","11,438.00","10,056.60",188.37K,0.0035,188.37,"11,452.30"
24-Jan-18,"11,452.30","10,899.40","11,549.50","10,584.50",136.06K,0.0504,136.06,"11,203.00"
25-Jan-18,"11,203.00","11,439.90","11,740.90","10,983.80",181.81K,-0.0218,181.81,"11,118.10"
26-Jan-18,"11,118.10","11,203.10","11,655.30","10,389.40",253.91K,-0.0076,253.91,"11,467.50"
27-Jan-18,"11,467.50","11,118.00","11,621.70","10,908.40",163.49K,0.0314,163.49,"11,795.10"
28-Jan-18,"11,795.10","11,471.20","12,112.70","11,433.30",154.63K,0.0286,154.63,"11,244.80"
29-Jan-18,"11,244.80","11,794.90","11,888.10","11,119.00",137.42K,-0.0467,137.42,"10,166.00"
30-Jan-18,"10,166.00","11,244.50","11,277.20","9,917.70",264.72K,-0.0959,264.72,"10,265.40"
31-Jan-18,"10,265.40","10,166.30","10,397.70","9,742.20",208.47K,0.0098,208.47,"9,181.10"
1-Feb-18,"9,181.10","10,266.20","10,303.00","8,789.20",358.40K,-0.1056,358.4,"8,893.20"
2-Feb-18,"8,893.20","9,179.80","9,201.40","7,915.80",519.40K,-0.0314,519.4,"9,241.10"
3-Feb-18,"9,241.10","8,894.40","9,506.90","8,249.30",248.71K,0.0391,248.71,"8,222.20"
4-Feb-18,"8,222.20","9,241.50","9,382.10","7,932.10",280.94K,-0.1103,280.94,"6,938.50"
5-Feb-18,"6,938.50","8,220.80","8,383.20","6,651.90",593.89K,-0.1561,593.89,"7,701.20"
6-Feb-18,"7,701.20","6,939.30","7,896.20","5,996.60",886.88K,0.1099,886.88,"7,594.70"
7-Feb-18,"7,594.70","7,693.80","8,536.50","7,196.60",445.62K,-0.0138,445.62,"8,164.20"
8-Feb-18,"8,164.20","7,595.10","8,489.90","7,595.10",296.10K,0.075,296.1,"8,699.80"
9-Feb-18,"8,699.80","8,163.60","8,735.60","7,784.60",233.94K,0.0656,233.94,"8,559.60"
10-Feb-18,"8,559.60","8,697.30","9,066.60","8,172.20",263.53K,-0.0161,263.53,"8,081.90"
11-Feb-18,"8,081.90","8,559.70","8,564.20","7,843.70",236.20K,-0.0558,236.2,"8,903.50"
12-Feb-18,"8,903.50","8,083.60","8,984.90","8,083.60",238.67K,0.1017,238.67,"8,539.20"
13-Feb-18,"8,539.20","8,906.20","8,942.70","8,378.00",195.87K,-0.0409,195.87,"9,476.30"
14-Feb-18,"9,476.30","8,542.60","9,500.00","8,541.60",246.88K,0.1097,246.88,"10,037.30"
15-Feb-18,"10,037.30","9,475.60","10,206.80","9,348.50",291.28K,0.0592,291.28,"10,178.70"
16-Feb-18,"10,178.70","10,031.30","10,294.30","9,707.70",206.44K,0.0141,206.44,"11,073.50"
17-Feb-18,"11,073.50","10,177.30","11,095.90","10,070.90",224.76K,0.0879,224.76,"10,398.80"
18-Feb-18,"10,398.80","11,073.70","11,271.60","10,137.20",288.91K,-0.0609,288.91,"11,169.40"
19-Feb-18,"11,169.40","10,396.60","11,250.50","10,324.80",215.20K,0.0741,215.2,"11,238.70"
20-Feb-18,"11,238.70","11,169.70","11,791.50","11,119.90",267.56K,0.0062,267.56,"10,473.00"
21-Feb-18,"10,473.00","11,240.90","11,289.70","10,252.20",327.14K,-0.0681,327.14,"9,841.70"
22-Feb-18,"9,841.70","10,470.10","10,930.20","9,743.90",316.63K,-0.0603,316.63,"10,170.40"
23-Feb-18,"10,170.40","9,840.60","10,419.10","9,597.80",271.50K,0.0334,271.5,"9,704.30"
24-Feb-18,"9,704.30","10,163.80","10,506.10","9,394.50",239.16K,-0.0458,239.16,"9,585.20"
25-Feb-18,"9,585.20","9,703.10","9,860.30","9,330.10",196.49K,-0.0123,196.49,"10,285.10"
26-Feb-18,"10,285.10","9,590.90","10,378.40","9,410.30",235.94K,0.073,235.94,"10,594.40"
27-Feb-18,"10,594.40","10,287.80","10,867.20","10,120.50",202.58K,0.0301,202.58,"10,333.90"
28-Feb-18,"10,333.90","10,584.40","11,070.70","10,303.40",215.22K,-0.0246,215.22,"10,904.50"
1-Mar-18,"10,904.50","10,335.10","11,047.80","10,248.70",188.77K,0.0552,188.77,"10,827.70"
2-Mar-18,"10,827.70","10,904.50","11,167.00","10,677.10",201.69K,-0.007,201.69,"11,402.30"
3-Mar-18,"11,402.30","10,822.50","11,420.70","9,585.50",172.20K,0.0531,172.2,"11,416.50"
4-Mar-18,"11,416.50","11,402.80","11,490.30","10,878.40",156.40K,0.0012,156.4,"11,330.60"
5-Mar-18,"11,330.60","11,415.70","11,506.90","11,281.20",162.11K,-0.0075,162.11,"10,675.10"
6-Mar-18,"10,675.10","11,314.20","11,316.40","10,412.00",230.65K,-0.0578,230.65,"9,902.90"
7-Mar-18,"9,902.90","10,779.00","10,899.00","9,422.10",284.54K,-0.0723,284.54,"9,300.00"
8-Mar-18,"9,300.00","9,910.70","10,109.00","9,037.00",256.26K,-0.0609,256.26,"9,217.00"
9-Mar-18,"9,217.00","9,301.90","9,420.50","8,351.00",371.46K,-0.0089,371.46,"8,762.00"
10-Mar-18,"8,762.00","9,216.20","9,500.00","8,691.10",198.73K,-0.0494,198.73,"9,529.60"
11-Mar-18,"9,529.60","8,732.20","9,719.60","8,516.40",266.59K,0.0876,266.59,"9,137.40"
12-Mar-18,"9,137.40","9,535.80","9,892.20","8,804.10",257.91K,-0.0412,257.91,"9,154.90"
13-Mar-18,"9,154.90","9,138.70","9,482.00","8,875.10",239.46K,0.0019,239.46,"8,210.60"
14-Mar-18,"8,210.60","9,154.90","9,353.40","7,958.50",305.45K,-0.1032,305.45,"8,264.40"
15-Mar-18,"8,264.40","8,210.20","8,427.00","7,691.70",326.53K,0.0066,326.53,"8,289.20"
16-Mar-18,"8,289.20","8,264.30","8,604.80","7,929.10",236.13K,0.003,236.13,"7,874.90"
17-Mar-18,"7,874.90","8,198.00","8,344.80","7,760.20",208.05K,-0.05,208.05,"8,201.20"
18-Mar-18,"8,201.20","7,873.20","8,283.60","7,323.30",348.02K,0.0414,348.02,"8,616.80"
19-Mar-18,"8,616.80","8,200.90","8,698.30","8,127.70",316.96K,0.0507,316.96,"8,912.60"
20-Mar-18,"8,912.60","8,614.10","9,039.60","8,326.80",253.44K,0.0343,253.44,"8,905.90"
21-Mar-18,"8,905.90","8,912.40","9,173.40","8,775.10",218.19K,-0.0008,218.19,"8,726.20"
22-Mar-18,"8,726.20","8,903.70","9,096.20","8,499.10",223.01K,-0.0202,223.01,"8,916.80"
23-Mar-18,"8,916.80","8,725.30","8,917.00","8,305.60",210.11K,0.0218,210.11,"8,547.40"
24-Mar-18,"8,547.40","8,917.30","9,008.80","8,523.60",177.43K,-0.0414,177.43,"8,473.20"
25-Mar-18,"8,473.20","8,549.10","8,679.00","8,392.20",149.52K,-0.0087,149.52,"8,143.50"
26-Mar-18,"8,143.50","8,474.00","8,515.70","7,865.90",247.18K,-0.0389,247.18,"7,801.70"
27-Mar-18,"7,801.70","8,146.50","8,218.30","7,760.60",223.10K,-0.042,223.1,"7,954.90"
28-Mar-18,"7,954.90","7,803.00","8,110.40","7,754.50",167.36K,0.0196,167.36,"7,129.20"
29-Mar-18,"7,129.20","7,955.20","7,980.70","6,954.90",348.75K,-0.1038,348.75,"6,853.70"
30-Mar-18,"6,853.70","7,132.40","7,288.10","6,603.80",417.31K,-0.0386,417.31,"6,938.20"
31-Mar-18,"6,938.20","6,856.50","7,221.50","6,804.90",245.30K,0.0123,245.3,"6,825.20"
1-Apr-18,"6,825.20","6,939.10","7,047.70","6,460.10",257.53K,-0.0163,257.53,"7,068.40"
2-Apr-18,"7,068.40","6,825.40","7,121.30","6,787.60",199.31K,0.0356,199.31,"7,424.20"
3-Apr-18,"7,424.20","7,067.20","7,519.30","7,032.90",230.80K,0.0503,230.8,"6,808.90"
4-Apr-18,"6,808.90","7,423.80","7,432.90","6,726.90",239.51K,-0.0829,239.51,"6,782.00"
5-Apr-18,"6,782.00","6,808.70","6,918.20","6,592.50",221.70K,-0.004,221.7,"6,624.30"
6-Apr-18,"6,624.30","6,783.70","6,859.70","6,523.40",174.90K,-0.0233,174.9,"6,905.70"
7-Apr-18,"6,905.70","6,624.50","7,071.90","6,616.10",177.10K,0.0425,177.1,"7,030.50"
8-Apr-18,"7,030.50","6,905.90","7,113.40","6,903.90",132.51K,0.0181,132.51,"6,781.90"
9-Apr-18,"6,781.90","7,035.70","7,192.50","6,633.20",241.19K,-0.0354,241.19,"6,854.80"
10-Apr-18,"6,854.80","6,782.60","6,899.50","6,671.60",134.23K,0.0108,134.23,"6,962.10"
11-Apr-18,"6,962.10","6,855.60","6,988.60","6,818.40",142.07K,0.0156,142.07,"7,926.60"
12-Apr-18,"7,926.60","6,963.30","8,009.60","6,779.30",398.30K,0.1385,398.3,"7,887.40"
13-Apr-18,"7,887.40","7,926.90","8,228.00","7,756.60",296.95K,-0.0049,296.95,"8,004.40"
14-Apr-18,"8,004.40","7,891.10","8,180.20","7,839.30",164.71K,0.0148,164.71,"8,363.60"
15-Apr-18,"8,363.60","8,004.60","8,411.50","8,004.60",160.26K,0.0449,160.26,"8,070.00"
16-Apr-18,"8,070.00","8,362.20","8,412.90","7,908.50",197.70K,-0.0351,197.7,"7,908.60"
17-Apr-18,"7,908.60","8,070.00","8,171.70","7,852.80",162.59K,-0.02,162.59,"8,178.40"
18-Apr-18,"8,178.40","7,908.50","8,227.60","7,895.30",163.26K,0.0341,163.26,"8,290.80"
19-Apr-18,"8,290.80","8,179.00","8,303.70","8,126.70",155.08K,0.0137,155.08,"8,867.00"
20-Apr-18,"8,867.00","8,292.30","8,926.20","8,224.50",225.96K,0.0695,225.96,"8,923.10"
21-Apr-18,"8,923.10","8,867.00","9,027.70","8,614.50",206.01K,0.0063,206.01,"8,806.70"
22-Apr-18,"8,806.70","8,923.60","9,022.30","8,766.50",161.89K,-0.013,161.89,"8,952.80"
23-Apr-18,"8,952.80","8,809.30","9,001.00","8,785.30",147.54K,0.0166,147.54,"9,645.30"
24-Apr-18,"9,645.30","8,952.70","9,734.80","8,937.00",260.79K,0.0773,260.79,"8,873.10"
25-Apr-18,"8,873.10","9,645.00","9,753.10","8,768.10",395.67K,-0.0801,395.67,"9,287.00"
26-Apr-18,"9,287.00","8,874.50","9,303.60","8,669.80",248.39K,0.0467,248.39,"8,940.90"
27-Apr-18,"8,940.90","9,282.80","9,386.30","8,920.20",184.91K,-0.0373,184.91,"9,352.40"
28-Apr-18,"9,352.40","8,940.80","9,428.90","8,895.50",199.78K,0.046,199.78,"9,415.10"
29-Apr-18,"9,415.10","9,352.20","9,565.10","9,182.80",184.72K,0.0067,184.72,"9,245.10"
30-Apr-18,"9,245.10","9,415.80","9,456.70","9,135.40",156.83K,-0.018,156.83,"9,074.90"
1-May-18,"9,074.90","9,245.10","9,245.10","8,851.00",173.35K,-0.0184,173.35,"9,243.20"
2-May-18,"9,243.20","9,076.80","9,265.70","8,991.90",137.48K,0.0185,137.48,"9,749.70"
3-May-18,"9,749.70","9,244.20","9,809.40","9,171.40",201.18K,0.0548,201.18,"9,708.60"
4-May-18,"9,708.60","9,747.60","9,800.90","9,549.00",161.55K,-0.0042,161.55,"9,853.50"
5-May-18,"9,853.50","9,709.50","9,992.80","9,691.30",158.45K,0.0149,158.45,"9,656.40"
6-May-18,"9,656.40","9,859.60","9,957.70","9,446.70",150.95K,-0.02,150.95,"9,431.60"
7-May-18,"9,431.60","9,651.10","9,675.60","9,204.20",165.08K,-0.0233,165.08,"9,196.40"
8-May-18,"9,196.40","9,373.90","9,404.40","9,079.80",157.45K,-0.0249,157.45,"9,319.10"
9-May-18,"9,319.10","9,194.90","9,377.90","8,988.00",147.89K,0.0133,147.89,"9,025.70"
10-May-18,"9,025.70","9,319.20","9,393.30","9,013.40",152.71K,-0.0315,152.71,"8,408.30"
11-May-18,"8,408.30","9,026.00","9,028.70","8,359.60",270.62K,-0.0684,270.62,"8,459.50"
12-May-18,"8,459.50","8,409.60","8,646.10","8,184.10",210.87K,0.0061,210.87,"8,693.50"
13-May-18,"8,693.50","8,489.10","8,758.40","8,330.00",149.80K,0.0277,149.8,"8,674.10"
14-May-18,"8,674.10","8,693.40","8,878.30","8,305.10",212.05K,-0.0022,212.05,"8,477.00"
15-May-18,"8,477.00","8,674.00","8,842.10","8,436.50",179.62K,-0.0227,179.62,"8,344.40"
16-May-18,"8,344.40","8,477.00","8,496.40","8,120.10",188.03K,-0.0156,188.03,"8,063.00"
17-May-18,"8,063.00","8,344.60","8,458.70","8,022.30",154.36K,-0.0337,154.36,"8,245.70"
18-May-18,"8,245.70","8,064.40","8,273.60","7,939.80",150.32K,0.0227,150.32,"8,245.10"
19-May-18,"8,245.10","8,244.70","8,389.10","8,153.20",107.89K,-0.0001,107.89,"8,529.00"
20-May-18,"8,529.00","8,243.90","8,580.40","8,184.70",113.76K,0.0344,113.76,"8,403.30"
21-May-18,"8,403.30","8,529.50","8,550.60","8,375.50",115.52K,-0.0147,115.52,"8,006.00"
22-May-18,"8,006.00","8,403.80","8,414.50","7,979.30",137.51K,-0.0473,137.51,"7,512.30"
23-May-18,"7,512.30","8,005.70","8,047.40","7,467.60",237.60K,-0.0617,237.6,"7,592.90"
24-May-18,"7,592.90","7,512.30","7,736.60","7,293.40",211.11K,0.0107,211.11,"7,477.70"
25-May-18,"7,477.70","7,593.90","7,653.40","7,355.60",161.82K,-0.0152,161.82,"7,361.30"
26-May-18,"7,361.30","7,478.50","7,619.30","7,331.50",103.07K,-0.0156,103.07,"7,366.70"
27-May-18,"7,366.70","7,361.90","7,411.80","7,267.50",103.29K,0.0007,103.29,"7,119.30"
28-May-18,"7,119.30","7,367.30","7,446.90","7,090.60",152.29K,-0.0336,152.29,"7,467.70"
29-May-18,"7,467.70","7,119.30","7,533.00","7,069.80",186.97K,0.0489,186.97,"7,400.10"
30-May-18,"7,400.10","7,469.20","7,565.20","7,306.80",140.37K,-0.0091,140.37,"7,502.60"
31-May-18,"7,502.60","7,400.80","7,611.90","7,355.00",144.52K,0.0139,144.52,"7,530.80"
1-Jun-18,"7,530.80","7,502.50","7,610.40","7,375.80",135.92K,0.0038,135.92,"7,646.60"
2-Jun-18,"7,646.60","7,530.80","7,694.50","7,467.90",121.18K,0.0154,121.18,"7,729.30"
3-Jun-18,"7,729.30","7,646.60","7,775.00","7,611.30",116.68K,0.0108,116.68,"7,504.30"
4-Jun-18,"7,504.30","7,729.30","7,759.90","7,468.40",141.01K,-0.0291,141.01,"7,631.50"
5-Jun-18,"7,631.50","7,507.40","7,672.60","7,391.00",145.23K,0.0169,145.23,"7,661.00"
6-Jun-18,"7,661.00","7,631.50","7,699.10","7,504.40",130.66K,0.0039,130.66,"7,697.80"
7-Jun-18,"7,697.80","7,661.00","7,754.70","7,657.70",124.00K,0.0048,124,"7,622.10"
8-Jun-18,"7,622.10","7,697.90","7,710.50","7,556.90",112.88K,-0.0098,112.88,"7,515.80"
9-Jun-18,"7,515.80","7,622.10","7,689.00","7,493.30",97.56K,-0.014,97.56,"6,775.10"
10-Jun-18,"6,775.10","7,515.80","7,516.30","6,668.10",275.69K,-0.0985,275.69,"6,885.90"
11-Jun-18,"6,885.90","6,775.20","6,910.80","6,657.20",174.88K,0.0164,174.88,"6,558.20"
12-Jun-18,"6,558.20","6,885.90","6,887.20","6,476.00",178.26K,-0.0476,178.26,"6,312.30"
13-Jun-18,"6,312.30","6,558.50","6,624.60","6,129.10",237.48K,-0.0375,237.48,"6,647.10"
14-Jun-18,"6,647.10","6,312.30","6,711.50","6,283.60",201.54K,0.053,201.54,"6,410.30"
15-Jun-18,"6,410.30","6,647.30","6,655.80","6,395.70",143.53K,-0.0356,143.53,"6,505.80"
16-Jun-18,"6,505.80","6,410.00","6,564.20","6,358.00",108.79K,0.0149,108.79,"6,460.30"
17-Jun-18,"6,460.30","6,505.80","6,593.00","6,452.10",90.67K,-0.007,90.67,"6,719.80"
18-Jun-18,"6,719.80","6,460.50","6,794.50","6,410.90",135.70K,0.0402,135.7,"6,752.40"
19-Jun-18,"6,752.40","6,719.80","6,839.50","6,681.50",120.54K,0.0049,120.54,"6,765.40"
20-Jun-18,"6,765.40","6,752.30","6,812.70","6,575.10",121.48K,0.0019,121.48,"6,728.00"
21-Jun-18,"6,728.00","6,765.80","6,797.50","6,695.10",99.29K,-0.0055,99.29,"6,055.70"
22-Jun-18,"6,055.70","6,728.20","6,739.70","5,955.00",278.22K,-0.0999,278.22,"6,167.30"
23-Jun-18,"6,167.30","6,055.20","6,259.00","6,032.80",142.90K,0.0184,142.9,"6,154.60"
24-Jun-18,"6,154.60","6,167.90","6,248.30","5,785.30",240.60K,-0.0021,240.6,"6,256.60"
25-Jun-18,"6,256.60","6,155.10","6,331.20","6,101.70",210.69K,0.0166,210.69,"6,082.10"
26-Jun-18,"6,082.10","6,256.90","6,267.70","6,060.00",176.66K,-0.0279,176.66,"6,154.90"
27-Jun-18,"6,154.90","6,081.10","6,187.30","6,025.40",133.42K,0.012,133.42,"5,883.50"
28-Jun-18,"5,883.50","6,154.90","6,178.40","5,854.00",156.05K,-0.0441,156.05,"6,213.30"
29-Jun-18,"6,213.30","5,883.20","6,284.90","5,818.50",206.96K,0.0561,206.96,"6,398.90"
30-Jun-18,"6,398.90","6,213.40","6,498.50","6,204.00",189.33K,0.0299,189.33,"6,366.80"
1-Jul-18,"6,366.80","6,398.50","6,445.10","6,284.70",128.51K,-0.005,128.51,"6,619.50"
2-Jul-18,"6,619.50","6,349.10","6,680.00","6,275.00",179.92K,0.0397,179.92,"6,513.50"
3-Jul-18,"6,513.50","6,618.60","6,676.60","6,513.50",150.19K,-0.016,150.19,"6,598.40"
4-Jul-18,"6,598.40","6,513.80","6,774.50","6,442.30",143.04K,0.013,143.04,"6,546.50"
5-Jul-18,"6,546.50","6,598.00","6,693.60","6,466.10",166.18K,-0.0079,166.18,"6,617.70"
6-Jul-18,"6,617.70","6,546.50","6,638.20","6,458.30",132.69K,0.0109,132.69,"6,765.50"
7-Jul-18,"6,765.50","6,617.70","6,805.90","6,531.10",114.57K,0.0223,114.57,"6,714.80"
8-Jul-18,"6,714.80","6,765.40","6,784.00","6,694.30",267.60K,-0.0075,267.6,"6,667.10"
9-Jul-18,"6,667.10","6,715.10","6,793.80","6,637.70",289.48K,-0.0071,289.48,"6,307.20"
10-Jul-18,"6,307.20","6,668.40","6,686.80","6,291.50",315.27K,-0.054,315.27,"6,389.10"
11-Jul-18,"6,389.10","6,307.20","6,409.70","6,296.60",243.82K,0.013,243.82,"6,250.60"
12-Jul-18,"6,250.60","6,389.10","6,389.40","6,088.80",289.24K,-0.0217,289.24,"6,230.20"
13-Jul-18,"6,230.20","6,250.80","6,333.80","6,144.50",233.22K,-0.0033,233.22,"6,254.80"
14-Jul-18,"6,254.80","6,229.50","6,313.50","6,192.50",243.71K,0.004,243.71,"6,362.90"
15-Jul-18,"6,362.90","6,254.80","6,399.60","6,238.50",180.67K,0.0173,180.67,"6,729.90"
16-Jul-18,"6,729.90","6,362.80","6,749.20","6,344.10",312.12K,0.0577,312.12,"7,322.00"
17-Jul-18,"7,322.00","6,729.80","7,453.20","6,666.00",337.75K,0.088,337.75,"7,383.60"
18-Jul-18,"7,383.60","7,321.60","7,581.20","7,249.30",333.32K,0.0084,333.32,"7,477.50"
19-Jul-18,"7,477.50","7,383.90","7,558.40","7,288.80",247.25K,0.0127,247.25,"7,339.40"
20-Jul-18,"7,339.40","7,477.60","7,683.60","7,292.00",258.85K,-0.0185,258.85,"7,408.70"
21-Jul-18,"7,408.70","7,339.30","7,460.80","7,223.50",160.77K,0.0095,160.77,"7,412.30"
22-Jul-18,"7,412.30","7,409.00","7,575.30","7,343.70",204.16K,0.0005,204.16,"7,723.00"
23-Jul-18,"7,723.00","7,412.40","7,809.60","7,379.20",272.15K,0.0419,272.15,"8,407.00"
24-Jul-18,"8,407.00","7,723.10","8,479.80","7,701.90",345.32K,0.0886,345.32,"8,173.70"
25-Jul-18,"8,173.70","8,404.90","8,484.60","8,062.10",269.23K,-0.0278,269.23,"7,937.00"
26-Jul-18,"7,937.00","8,173.90","8,304.30","7,861.00",235.45K,-0.029,235.45,"8,187.40"
27-Jul-18,"8,187.40","7,936.90","8,273.80","7,808.30",243.22K,0.0315,243.22,"8,234.10"
28-Jul-18,"8,234.10","8,186.80","8,234.10","8,077.40",147.14K,0.0057,147.14,"8,215.60"
29-Jul-18,"8,215.60","8,231.50","8,275.40","8,113.30",155.24K,-0.0022,155.24,"8,177.10"
30-Jul-18,"8,177.10","8,214.70","8,262.00","7,874.40",242.21K,-0.0047,242.21,"7,729.40"
31-Jul-18,"7,729.40","8,176.40","8,176.50","7,649.80",266.94K,-0.0548,266.94,"7,606.40"
1-Aug-18,"7,606.40","7,728.50","7,753.20","7,449.20",237.69K,-0.0159,237.69,"7,535.60"
2-Aug-18,"7,535.60","7,606.40","7,701.40","7,470.60",216.34K,-0.0093,216.34,"7,419.00"
3-Aug-18,"7,419.00","7,535.60","7,535.60","7,293.50",226.46K,-0.0155,226.46,"7,014.30"
4-Aug-18,"7,014.30","7,418.90","7,484.20","6,949.70",222.57K,-0.0546,222.57,"7,027.10"
5-Aug-18,"7,027.10","7,014.00","7,087.60","6,887.90",177.64K,0.0018,177.64,"6,943.60"
6-Aug-18,"6,943.60","7,027.80","7,143.60","6,852.50",168.87K,-0.0119,168.87,"6,724.90"
7-Aug-18,"6,724.90","6,943.60","7,149.70","6,689.90",232.48K,-0.0315,232.48,"6,283.60"
8-Aug-18,"6,283.60","6,725.20","6,725.20","6,138.80",311.54K,-0.0656,311.54,"6,538.80"
9-Aug-18,"6,538.80","6,283.70","6,620.20","6,197.00",237.66K,0.0406,237.66,"6,152.30"
10-Aug-18,"6,152.30","6,539.50","6,570.20","6,043.40",298.82K,-0.0591,298.82,"6,231.60"
11-Aug-18,"6,231.60","6,152.80","6,469.60","6,009.80",247.34K,0.0129,247.34,"6,313.00"
12-Aug-18,"6,313.00","6,232.10","6,453.00","6,169.80",216.33K,0.0131,216.33,"6,255.30"
13-Aug-18,"6,255.30","6,313.00","6,524.10","6,159.60",234.09K,-0.0091,234.09,"6,190.20"
14-Aug-18,"6,190.20","6,255.30","6,255.30","5,898.30",3.66M,-0.0104,3.66,"6,256.90"
15-Aug-18,"6,256.90","6,190.20","6,592.80","6,177.90",3.74M,0.0108,3.74,"6,306.70"
16-Aug-18,"6,306.70","6,256.90","6,470.90","6,249.80",3.50M,0.008,3.5,"6,581.70"
17-Aug-18,"6,581.70","6,306.70","6,581.70","6,291.80",3.20M,0.0436,3.2,"6,379.10"
18-Aug-18,"6,379.10","6,581.80","6,626.40","6,295.50",3.15M,-0.0308,3.15,"6,481.50"
19-Aug-18,"6,481.50","6,379.10","6,534.80","6,316.00",2.71M,0.0161,2.71,"6,268.10"
20-Aug-18,"6,268.10","6,474.20","6,516.40","6,255.90",3.10M,-0.0329,3.1,"6,482.20"
21-Aug-18,"6,482.20","6,268.10","6,484.10","6,257.40",1.46M,0.0341,1.46,"6,359.60"
22-Aug-18,"6,359.60","6,482.20","6,840.80","6,304.80",3.63M,-0.0189,3.63,"6,521.20"
23-Aug-18,"6,521.20","6,359.90","6,550.20","6,359.20",2.76M,0.0254,2.76,"6,680.40"
24-Aug-18,"6,680.40","6,521.20","6,721.20","6,472.80",3.70M,0.0244,3.7,"6,734.80"
25-Aug-18,"6,734.80","6,680.60","6,783.40","6,655.30",3.59M,0.0081,3.59,"6,712.70"
26-Aug-18,"6,712.70","6,734.90","6,892.70","6,573.10",3.37M,-0.0033,3.37,"6,897.60"
27-Aug-18,"6,897.60","6,712.70","6,902.90","6,650.40",3.26M,0.0275,3.26,"7,074.60"
28-Aug-18,"7,074.60","6,897.60","7,129.70","6,861.20",3.79M,0.0257,3.79,"7,029.10"
29-Aug-18,"7,029.10","7,074.60","7,121.40","6,926.70",4.11M,-0.0064,4.11,"6,993.70"
30-Aug-18,"6,993.70","7,029.20","7,050.20","6,798.00",3.74M,-0.005,3.74,"7,033.80"
31-Aug-18,"7,033.80","6,993.70","7,080.20","6,698.00",4.21M,0.0057,4.21,"7,189.60"
1-Sep-18,"7,189.60","7,032.40","7,264.30","7,020.40",3.52M,0.0221,3.52,"7,293.90"
2-Sep-18,"7,293.90","7,189.60","7,334.80","7,117.30",3.90M,0.0145,3.9,"7,264.20"
3-Sep-18,"7,264.20","7,289.80","7,330.70","7,182.80",3.87M,-0.0041,3.87,"7,377.50"
4-Sep-18,"7,377.50","7,264.20","7,409.90","7,234.50",3.92M,0.0156,3.92,"6,706.80"
5-Sep-18,"6,706.80","7,377.50","7,407.50","6,691.80",4.55M,-0.0909,4.55,"6,514.00"
6-Sep-18,"6,514.00","6,706.80","6,732.90","6,337.80",4.02M,-0.0287,4.02,"6,390.90"
7-Sep-18,"6,390.90","6,514.10","6,540.60","6,316.20",3.30M,-0.0189,3.3,"6,184.30"
8-Sep-18,"6,184.30","6,390.90","6,484.30","6,132.30",3.46M,-0.0323,3.46,"6,238.50"
9-Sep-18,"6,238.50","6,184.30","6,432.60","6,148.80",2.84M,0.0088,2.84,"6,321.00"
10-Sep-18,"6,321.00","6,238.50","6,358.50","6,237.30",3.11M,0.0132,3.11,"6,293.90"
11-Sep-18,"6,293.90","6,320.70","6,391.80","6,189.60",3.30M,-0.0043,3.3,"6,338.00"
12-Sep-18,"6,338.00","6,293.90","6,353.50","6,204.50",3.04M,0.007,3.04,"6,482.90"
13-Sep-18,"6,482.90","6,338.00","6,867.30","6,337.80",3.53M,0.0229,3.53,"6,483.70"
14-Sep-18,"6,483.70","6,482.90","6,579.40","6,412.10",3.20M,0.0001,3.2,"6,519.00"
15-Sep-18,"6,519.00","6,482.60","6,562.90","6,470.30",3.16M,0.0054,3.16,"6,500.20"
16-Sep-18,"6,500.20","6,519.00","6,520.80","6,406.20",3.34M,-0.0029,3.34,"6,251.90"
17-Sep-18,"6,251.90","6,500.20","6,533.50","6,215.90",3.26M,-0.0382,3.26,"6,342.00"
18-Sep-18,"6,342.00","6,251.90","6,388.80","6,228.80",2.82M,0.0144,2.82,"6,390.40"
19-Sep-18,"6,390.40","6,342.00","6,478.70","6,144.50",3.54M,0.0076,3.54,"6,489.20"
20-Sep-18,"6,489.20","6,390.40","6,537.50","6,346.40",5.18M,0.0155,5.18,"6,766.70"
21-Sep-18,"6,766.70","6,490.90","6,780.50","6,489.80",7.73M,0.0428,7.73,"6,729.60"
22-Sep-18,"6,729.60","6,766.70","6,833.30","6,635.50",7.31M,-0.0055,7.31,"6,704.10"
23-Sep-18,"6,704.10","6,729.60","6,789.40","6,666.40",7.34M,-0.0038,7.34,"6,584.10"
24-Sep-18,"6,584.10","6,713.30","6,728.10","6,559.10",7.57M,-0.0179,7.57,"6,445.10"
25-Sep-18,"6,445.10","6,590.60","6,590.60","5,977.00",7.34M,-0.0211,7.34,"6,468.10"
26-Sep-18,"6,468.10","6,443.00","6,551.90","6,384.10",8.64M,0.0036,8.64,"6,689.20"
27-Sep-18,"6,689.20","6,463.70","6,738.30","6,428.80",9.34M,0.0342,9.34,"6,636.00"
28-Sep-18,"6,636.00","6,685.70","6,809.20","6,538.60",9.57M,-0.0079,9.57,"6,603.90"
29-Sep-18,"6,603.90","6,633.90","6,648.40","6,464.40",9.42M,-0.0048,9.42,"6,635.20"
30-Sep-18,"6,635.20","6,603.90","6,673.90","6,533.50",9.34M,0.0047,9.34,"6,608.20"
1-Oct-18,"6,608.20","6,635.20","6,674.70","6,072.70",9.19M,-0.0041,9.19,"6,549.90"
2-Oct-18,"6,549.90","6,608.20","6,645.70","6,034.90",9.34M,-0.0088,9.34,"6,507.80"
3-Oct-18,"6,507.80","6,549.90","6,563.50","6,429.60",9.21M,-0.0064,9.21,"6,584.20"
4-Oct-18,"6,584.20","6,509.20","6,653.00","6,487.80",9.31M,0.0117,9.31,"6,639.10"
5-Oct-18,"6,639.10","6,584.20","6,682.30","6,537.60",9.34M,0.0083,9.34,"6,596.30"
6-Oct-18,"6,596.30","6,639.10","6,661.50","6,550.40",9.18M,-0.0065,9.18,"6,611.00"
7-Oct-18,"6,611.00","6,596.30","6,633.90","6,523.80",77.06K,0.0022,77.06,"6,669.60"
8-Oct-18,"6,669.60","6,611.00","6,699.50","6,589.90",119.68K,0.0089,119.68,"6,650.80"
9-Oct-18,"6,650.80","6,669.60","6,678.90","6,613.30",80.79K,-0.0028,80.79,"6,618.00"
10-Oct-18,"6,618.00","6,650.60","6,653.50","6,526.00",101.93K,-0.0049,101.93,"6,239.10"
11-Oct-18,"6,239.10","6,618.00","6,622.50","6,206.20",245.28K,-0.0572,245.28,"6,291.30"
12-Oct-18,"6,291.30","6,239.20","6,344.80","6,206.80",147.40K,0.0084,147.4,"6,321.70"
13-Oct-18,"6,321.70","6,291.30","6,329.30","6,282.80",94.45K,0.0048,94.45,"6,326.80"
14-Oct-18,"6,326.80","6,321.60","6,390.90","6,300.00",99.38K,0.0008,99.38,"6,699.80"
15-Oct-18,"6,699.80","6,326.80","7,358.40","6,300.20",443.33K,0.059,443.33,"6,705.30"
16-Oct-18,"6,705.30","6,712.40","6,836.70","6,645.40",155.85K,0.0008,155.85,"6,686.60"
17-Oct-18,"6,686.60","6,718.90","6,745.90","6,637.80",136.71K,-0.0028,136.71,"6,574.10"
18-Oct-18,"6,574.10","6,690.10","6,736.30","6,530.60",134.15K,-0.0168,134.15,"6,512.00"
19-Oct-18,"6,512.00","6,576.40","6,603.20","6,506.90",121.44K,-0.0094,121.44,"6,572.20"
20-Oct-18,"6,572.20","6,511.70","6,593.70","6,495.90",97.77K,0.0092,97.77,"6,583.00"
21-Oct-18,"6,583.00","6,575.90","6,643.10","6,568.00",92.94K,0.0016,92.94,"6,555.80"
22-Oct-18,"6,555.80","6,583.00","6,612.70","6,529.50",101.57K,-0.0041,101.57,"6,528.70"
23-Oct-18,"6,528.70","6,558.60","6,573.60","6,500.50",108.86K,-0.0041,108.86,"6,530.70"
24-Oct-18,"6,530.70","6,531.20","6,593.80","6,522.60",98.74K,0.0003,98.74,"6,507.00"
25-Oct-18,"6,507.00","6,532.50","6,544.80","6,491.50",97.43K,-0.0036,97.43,"6,510.00"
26-Oct-18,"6,510.00","6,507.00","6,570.50","6,498.50",97.17K,0.0005,97.17,"6,494.20"
27-Oct-18,"6,494.20","6,510.00","6,534.00","6,473.70",76.72K,-0.0024,76.72,"6,486.10"
28-Oct-18,"6,486.10","6,494.60","6,502.20","6,461.20",93.97K,-0.0012,93.97,"6,335.00"
29-Oct-18,"6,335.00","6,486.10","6,498.40","6,310.50",160.52K,-0.0233,160.52,"6,325.70"
30-Oct-18,"6,325.70","6,336.70","6,469.90","6,316.50",128.21K,-0.0015,128.21,"6,365.90"
31-Oct-18,"6,365.90","6,327.90","6,405.70","6,257.80",129.06K,0.0064,129.06,"6,400.50"
1-Nov-18,"6,400.50","6,365.90","6,421.80","6,354.20",124.16K,0.0054,124.16,"6,424.70"
2-Nov-18,"6,424.70","6,400.50","6,444.30","6,390.90",135.87K,0.0038,135.87,"6,386.20"
3-Nov-18,"6,386.20","6,424.50","6,429.50","6,346.20",112.84K,-0.006,112.84,"6,478.20"
4-Nov-18,"6,478.20","6,386.20","6,508.90","6,359.70",128.76K,0.0144,128.76,"6,459.70"
5-Nov-18,"6,459.70","6,478.20","6,489.20","6,431.70",128.51K,-0.0029,128.51,"6,502.80"
6-Nov-18,"6,502.80","6,460.40","6,509.60","6,441.60",154.87K,0.0067,154.87,"6,565.30"
7-Nov-18,"6,565.30","6,503.10","6,594.30","6,502.00",170.76K,0.0096,170.76,"6,474.00"
8-Nov-18,"6,474.00","6,565.30","6,577.30","6,466.30",159.30K,-0.0139,159.3,"6,412.00"
9-Nov-18,"6,412.00","6,473.80","6,496.10","6,390.00",151.60K,-0.0096,151.6,"6,427.10"
10-Nov-18,"6,427.10","6,411.90","6,461.70","6,411.70",115.87K,0.0024,115.87,"6,446.10"
11-Nov-18,"6,446.10","6,427.10","6,451.70","6,359.00",127.40K,0.003,127.4,"6,435.00"
12-Nov-18,"6,435.00","6,445.00","6,475.90","6,409.40",130.16K,-0.0017,130.16,"6,429.20"
13-Nov-18,"6,429.20","6,435.00","6,466.80","6,386.70",137.60K,-0.0009,137.6,"5,842.40"
14-Nov-18,"5,842.40","6,428.90","6,453.30","5,619.20",438.21K,-0.0913,438.21,"5,718.90"
15-Nov-18,"5,718.90","5,854.00","5,878.50","5,384.10",375.86K,-0.0211,375.86,"5,636.20"
16-Nov-18,"5,636.20","5,723.50","5,747.70","5,539.70",224.12K,-0.0145,224.12,"5,621.80"
17-Nov-18,"5,621.80","5,636.20","5,645.50","5,561.40",156.51K,-0.0026,156.51,"5,658.30"
18-Nov-18,"5,658.30","5,621.00","5,727.90","5,615.50",158.68K,0.0065,158.68,"4,883.80"
19-Nov-18,"4,883.80","5,660.40","5,662.50","4,831.10",478.26K,-0.1369,478.26,"4,524.60"
20-Nov-18,"4,524.60","4,883.60","5,013.40","4,272.30",714.08K,-0.0736,714.08,"4,638.70"
21-Nov-18,"4,638.70","4,523.00","4,743.70","4,393.00",412.74K,0.0252,412.74,"4,356.00"
22-Nov-18,"4,356.00","4,646.40","4,695.70","4,346.70",261.85K,-0.0609,261.85,"4,398.00"
23-Nov-18,"4,398.00","4,360.90","4,455.60","4,223.70",348.99K,0.0096,348.99,"3,920.40"
24-Nov-18,"3,920.40","4,397.30","4,494.60","3,821.50",382.72K,-0.1086,382.72,"4,062.20"
25-Nov-18,"4,062.20","3,920.30","4,198.40","3,634.20",619.95K,0.0362,619.95,"3,837.00"
26-Nov-18,"3,837.00","4,061.00","4,179.00","3,679.80",571.04K,-0.0554,571.04,"3,866.50"
27-Nov-18,"3,866.50","3,840.30","3,920.60","3,687.80",457.27K,0.0077,457.27,"4,265.40"
28-Nov-18,"4,265.40","3,866.40","4,391.80","3,866.40",533.04K,0.1032,533.04,"4,296.50"
29-Nov-18,"4,296.50","4,265.50","4,440.10","4,140.60",414.46K,0.0073,414.46,"4,039.70"
30-Nov-18,"4,039.70","4,296.80","4,340.60","3,954.50",444.52K,-0.0598,444.52,"4,196.20"
1-Dec-18,"4,196.20","4,038.70","4,299.10","3,967.10",316.30K,0.0387,316.3,"4,160.40"
2-Dec-18,"4,160.40","4,196.20","4,316.10","4,105.30",298.63K,-0.0085,298.63,"3,897.80"
3-Dec-18,"3,897.80","4,160.30","4,177.00","3,839.90",355.10K,-0.0631,355.1,"3,958.50"
4-Dec-18,"3,958.50","3,899.90","4,082.90","3,809.30",326.71K,0.0156,326.71,"3,771.60"
5-Dec-18,"3,771.60","3,958.10","3,974.10","3,765.20",341.60K,-0.0472,341.6,"3,508.60"
6-Dec-18,"3,508.60","3,771.40","3,887.20","3,505.70",467.54K,-0.0697,467.54,"3,422.20"
7-Dec-18,"3,422.20","3,508.90","3,626.60","3,251.80",639.33K,-0.0246,639.33,"3,430.40"
8-Dec-18,"3,430.40","3,422.30","3,507.70","3,302.90",424.40K,0.0024,424.4,"3,567.50"
9-Dec-18,"3,567.50","3,430.30","3,677.60","3,424.20",327.93K,0.04,327.93,"3,460.50"
10-Dec-18,"3,460.50","3,566.90","3,622.40","3,412.70",394.49K,-0.03,394.49,"3,407.70"
11-Dec-18,"3,407.70","3,460.40","3,485.90","3,349.90",418.53K,-0.0153,418.53,"3,466.10"
12-Dec-18,"3,466.10","3,390.20","3,510.20","3,379.40",391.17K,0.0172,391.17,"3,315.30"
13-Dec-18,"3,315.30","3,466.20","3,474.40","3,284.80",435.89K,-0.0435,435.89,"3,247.80"
14-Dec-18,"3,247.80","3,315.40","3,336.60","3,199.10",445.56K,-0.0204,445.56,"3,228.70"
15-Dec-18,"3,228.70","3,247.80","3,282.30","3,177.00",332.95K,-0.0059,332.95,"3,247.90"
16-Dec-18,"3,247.90","3,228.60","3,305.00","3,225.90",335.69K,0.006,335.69,"3,526.10"
17-Dec-18,"3,526.10","3,248.30","3,597.40","3,243.10",534.78K,0.0857,534.78,"3,668.00"
18-Dec-18,"3,668.00","3,526.00","3,683.10","3,456.90",698.53K,0.0402,698.53,"3,687.10"
19-Dec-18,"3,687.10","3,668.10","3,924.70","3,647.50",792.40K,0.0052,792.4,"4,076.00"
20-Dec-18,"4,076.00","3,687.20","4,140.30","3,665.80",958.58K,0.1055,958.58,"3,850.90"
21-Dec-18,"3,850.90","4,075.20","4,153.10","3,786.90",748.76K,-0.0552,748.76,"3,964.40"
22-Dec-18,"3,964.40","3,850.90","3,977.20","3,803.70",554.59K,0.0295,554.59,"3,944.40"
23-Dec-18,"3,944.40","3,964.30","4,037.10","3,904.60",572.21K,-0.005,572.21,"4,026.10"
24-Dec-18,"4,026.10","3,944.50","4,208.20","3,941.90",716.29K,0.0207,716.29,"3,762.50"
25-Dec-18,"3,762.50","4,025.60","4,030.70","3,676.50",670.94K,-0.0655,670.94,"3,793.70"
26-Dec-18,"3,793.70","3,762.80","3,841.90","3,680.30",567.11K,0.0083,567.11,"3,586.90"
27-Dec-18,"3,586.90","3,793.40","3,822.60","3,560.80",543.44K,-0.0545,543.44,"3,861.60"
28-Dec-18,"3,861.60","3,587.10","3,900.30","3,565.50",565.24K,0.0766,565.24,"3,706.80"
29-Dec-18,"3,706.80","3,861.60","3,899.60","3,696.00",505.41K,-0.0401,505.41,"3,815.00"
30-Dec-18,"3,815.00","3,708.20","3,837.70","3,682.50",519.17K,0.0292,519.17,"3,709.40"
31-Dec-18,"3,709.40","3,815.10","3,819.60","3,658.80",545.83K,-0.0277,545.83,"3,809.40"
1-Jan-19,"3,809.40","3,709.50","3,814.30","3,664.40",469.11K,0.0269,469.11,"3,873.80"
2-Jan-19,"3,873.80","3,809.70","3,894.80","3,768.10",554.47K,0.0169,554.47,"3,780.10"
3-Jan-19,"3,780.10","3,874.10","3,875.80","3,753.00",450.32K,-0.0242,450.32,"3,802.70"
4-Jan-19,"3,802.70","3,780.50","3,823.90","3,720.00",488.70K,0.006,488.7,"3,785.40"
5-Jan-19,"3,785.40","3,802.80","3,846.70","3,769.00",468.45K,-0.0046,468.45,"4,004.10"
6-Jan-19,"4,004.10","3,785.70","4,034.10","3,758.50",529.89K,0.0578,529.89,"3,985.90"
7-Jan-19,"3,985.90","4,004.30","4,028.00","3,945.50",500.88K,-0.0045,500.88,"3,971.00"
8-Jan-19,"3,971.00","3,985.80","4,070.50","3,943.10",514.08K,-0.0037,514.08,"3,978.00"
9-Jan-19,"3,978.00","3,971.00","4,014.20","3,957.50",473.42K,0.0017,473.42,"3,603.70"
10-Jan-19,"3,603.70","3,978.90","4,007.70","3,562.10",697.31K,-0.0941,697.31,"3,616.50"
11-Jan-19,"3,616.50","3,603.30","3,655.70","3,563.10",551.64K,0.0035,551.64,"3,597.20"
12-Jan-19,"3,597.20","3,616.60","3,633.90","3,561.30",435.06K,-0.0053,435.06,"3,490.20"
13-Jan-19,"3,490.20","3,597.30","3,617.60","3,473.20",452.79K,-0.0298,452.79,"3,638.10"
14-Jan-19,"3,638.10","3,490.40","3,672.00","3,490.40",539.93K,0.0424,539.93,"3,571.30"
15-Jan-19,"3,571.30","3,637.50","3,660.80","3,545.70",544.85K,-0.0184,544.85,"3,588.00"
16-Jan-19,"3,588.00","3,570.60","3,644.10","3,561.40",487.34K,0.0047,487.34,"3,626.40"
17-Jan-19,"3,626.40","3,588.10","3,636.70","3,554.80",525.10K,0.0107,525.1,"3,605.60"
18-Jan-19,"3,605.60","3,626.30","3,627.90","3,575.70",488.16K,-0.0057,488.16,"3,677.80"
19-Jan-19,"3,677.80","3,605.80","3,715.20","3,604.10",537.06K,0.02,537.06,"3,542.30"
20-Jan-19,"3,542.30","3,676.20","3,699.10","3,503.90",563.31K,-0.0368,563.31,"3,536.70"
21-Jan-19,"3,536.70","3,542.70","3,561.40","3,505.40",394.17K,-0.0016,394.17,"3,580.10"
22-Jan-19,"3,580.10","3,536.90","3,607.90","3,465.20",447.70K,0.0123,447.7,"3,561.50"
23-Jan-19,"3,561.50","3,580.10","3,608.30","3,532.80",445.87K,-0.0052,445.87,"3,574.30"
24-Jan-19,"3,574.30","3,561.40","3,587.00","3,539.70",428.60K,0.0036,428.6,"3,572.00"
25-Jan-19,"3,572.00","3,574.30","3,582.60","3,542.20",448.89K,-0.0006,448.89,"3,570.90"
26-Jan-19,"3,570.90","3,572.00","3,652.50","3,556.10",432.55K,-0.0003,432.55,"3,555.60"
27-Jan-19,"3,555.60","3,570.90","3,583.20","3,509.20",464.02K,-0.0043,464.02,"3,442.80"
28-Jan-19,"3,442.80","3,555.80","3,561.20","3,395.70",620.85K,-0.0317,620.85,"3,414.80"
29-Jan-19,"3,414.80","3,442.80","3,450.10","3,368.20",585.46K,-0.0081,585.46,"3,460.00"
30-Jan-19,"3,460.00","3,414.60","3,479.00","3,394.20",600.25K,0.0132,600.25,"3,437.20"
31-Jan-19,"3,437.20","3,460.00","3,484.70","3,427.00",477.07K,-0.0066,477.07,"3,467.90"
1-Feb-19,"3,467.90","3,437.70","3,485.70","3,415.30",481.58K,0.009,481.58,"3,502.50"
2-Feb-19,"3,502.50","3,467.90","3,514.50","3,447.80",443.60K,0.01,443.6,"3,459.10"
3-Feb-19,"3,459.10","3,502.30","3,507.80","3,431.30",451.66K,-0.0124,451.66,"3,462.80"
4-Feb-19,"3,462.80","3,459.00","3,479.70","3,437.10",503.92K,0.0011,503.92,"3,468.40"
5-Feb-19,"3,468.40","3,463.00","3,485.90","3,450.30",460.95K,0.0016,460.95,"3,404.30"
6-Feb-19,"3,404.30","3,468.50","3,478.00","3,383.90",514.21K,-0.0185,514.21,"3,397.70"
7-Feb-19,"3,397.70","3,404.90","3,421.80","3,390.30",471.36K,-0.002,471.36,"3,661.70"
8-Feb-19,"3,661.70","3,397.30","3,721.10","3,382.50",699.23K,0.0777,699.23,"3,661.40"
9-Feb-19,"3,661.40","3,661.60","3,675.30","3,633.20",454.80K,-0.0001,454.8,"3,679.00"
10-Feb-19,"3,679.00","3,661.00","3,680.60","3,617.10",501.90K,0.0048,501.9,"3,631.80"
11-Feb-19,"3,631.80","3,678.80","3,681.10","3,623.80",517.28K,-0.0128,517.28,"3,632.00"
12-Feb-19,"3,632.00","3,631.80","3,656.40","3,594.40",545.82K,0.0001,545.82,"3,611.50"
13-Feb-19,"3,611.50","3,632.00","3,663.50","3,599.20",558.02K,-0.0056,558.02,"3,592.60"
14-Feb-19,"3,592.60","3,611.50","3,624.50","3,580.20",498.14K,-0.0052,498.14,"3,604.70"
15-Feb-19,"3,604.70","3,592.60","3,648.30","3,581.40",516.21K,0.0034,516.21,"3,616.80"
16-Feb-19,"3,616.80","3,604.70","3,641.90","3,599.70",485.63K,0.0034,485.63,"3,664.20"
17-Feb-19,"3,664.20","3,616.80","3,689.90","3,607.90",580.51K,0.0131,580.51,"3,896.00"
18-Feb-19,"3,896.00","3,664.20","3,903.70","3,655.10",933.15K,0.0633,933.15,"3,914.30"
19-Feb-19,"3,914.30","3,896.40","3,993.80","3,863.70",1.44M,0.0047,1.44,"3,972.40"
20-Feb-19,"3,972.40","3,914.30","3,983.60","3,881.20",698.01K,0.0148,698.01,"3,936.60"
21-Feb-19,"3,936.60","3,972.00","4,011.50","3,909.20",668.16K,-0.009,668.16,"3,965.20"
22-Feb-19,"3,965.20","3,937.40","3,983.10","3,931.70",649.55K,0.0073,649.55,"4,120.40"
23-Feb-19,"4,120.40","3,965.20","4,152.60","3,939.40",727.85K,0.0391,727.85,"3,755.20"
24-Feb-19,"3,755.20","4,120.50","4,194.20","3,738.70",977.78K,-0.0886,977.78,"3,833.70"
25-Feb-19,"3,833.70","3,755.70","3,870.70","3,753.80",765.87K,0.0209,765.87,"3,810.30"
26-Feb-19,"3,810.30","3,833.50","3,845.50","3,775.00",2.09M,-0.0061,2.09,"3,814.60"
27-Feb-19,"3,814.60","3,810.30","3,836.40","3,701.90",2.82M,0.0011,2.82,"3,816.60"
28-Feb-19,"3,816.60","3,814.60","3,883.70","3,783.30",2.31M,0.0005,2.31,"3,821.90"
1-Mar-19,"3,821.90","3,816.70","3,855.80","3,816.40",1.74M,0.0014,1.74,"3,823.10"
2-Mar-19,"3,823.10","3,821.90","3,843.20","3,783.60",1.61M,0.0003,1.61,"3,809.50"
3-Mar-19,"3,809.50","3,823.20","3,836.60","3,789.70",1.51M,-0.0036,1.51,"3,715.90"
4-Mar-19,"3,715.90","3,809.70","3,828.40","3,681.80",2.85M,-0.0245,2.85,"3,857.20"
5-Mar-19,"3,857.20","3,715.90","3,873.20","3,705.70",3.82M,0.038,3.82,"3,863.00"
6-Mar-19,"3,863.00","3,857.20","3,887.30","3,816.70",2.52M,0.0015,2.52,"3,875.10"
7-Mar-19,"3,875.10","3,863.10","3,907.40","3,847.90",2.60M,0.0032,2.6,"3,865.90"
8-Mar-19,"3,865.90","3,875.10","3,929.00","3,810.70",2.96M,-0.0024,2.96,"3,944.30"
9-Mar-19,"3,944.30","3,865.60","3,964.00","3,859.70",2.48M,0.0203,2.48,"3,915.20"
10-Mar-19,"3,915.20","3,944.40","3,944.50","3,889.20",1.89M,-0.0074,1.89,"3,870.30"
11-Mar-19,"3,870.30","3,915.20","3,935.50","3,842.40",3.19M,-0.0115,3.19,"3,886.00"
12-Mar-19,"3,886.00","3,870.30","3,900.10","3,817.10",2.90M,0.0041,2.9,"3,865.10"
13-Mar-19,"3,865.10","3,885.90","3,894.70","3,847.40",2.28M,-0.0054,2.28,"3,879.00"
14-Mar-19,"3,879.00","3,865.10","3,914.70","3,828.40",2.86M,0.0036,2.86,"3,924.30"
15-Mar-19,"3,924.30","3,879.00","3,935.70","3,874.80",3.11M,0.0117,3.11,"4,006.40"
16-Mar-19,"4,006.40","3,924.40","4,050.60","3,923.70",3.46M,0.0209,3.46,"3,981.50"
17-Mar-19,"3,981.50","4,006.40","4,009.80","3,956.30",1.87M,-0.0062,1.87,"3,990.20"
18-Mar-19,"3,990.20","3,981.50","4,032.30","3,958.50",2.62M,0.0022,2.62,"4,017.00"
19-Mar-19,"4,017.00","3,990.20","4,029.90","3,972.40",2.99M,0.0067,2.99,"4,041.20"
20-Mar-19,"4,041.20","4,017.00","4,050.00","3,985.30",3.18M,0.006,3.18,"3,982.20"
21-Mar-19,"3,982.20","4,041.20","4,064.00","3,923.80",3.88M,-0.0146,3.88,"3,990.40"
22-Mar-19,"3,990.40","3,982.20","4,005.70","3,971.80",2.83M,0.0021,2.83,"4,002.50"
23-Mar-19,"4,002.50","3,990.40","4,018.20","3,980.80",2.00M,0.003,2,"3,994.70"
24-Mar-19,"3,994.70","4,002.60","4,005.70","3,967.00",2.04M,-0.002,2.04,"3,937.00"
25-Mar-19,"3,937.00","3,994.80","4,000.50","3,897.90",2.86M,-0.0144,2.86,"3,942.80"
26-Mar-19,"3,942.80","3,937.10","3,950.70","3,899.90",2.53M,0.0015,2.53,"4,041.70"
27-Mar-19,"4,041.70","3,942.80","4,043.30","3,936.20",2.78M,0.0251,2.78,"4,025.60"
28-Mar-19,"4,025.60","4,041.70","4,041.70","4,008.40",2.11M,-0.004,2.11,"4,102.20"
29-Mar-19,"4,102.20","4,025.70","4,123.10","4,022.60",3.30M,0.019,3.3,"4,111.80"
30-Mar-19,"4,111.80","4,103.70","4,138.10","4,057.10",2.55M,0.0023,2.55,"4,102.30"
31-Mar-19,"4,102.30","4,111.80","4,121.90","4,082.20",2.43M,-0.0023,2.43,"4,145.10"
1-Apr-19,"4,145.10","4,102.30","4,159.10","4,076.80",3.22M,0.0104,3.22,"4,859.30"
2-Apr-19,"4,859.30","4,145.10","4,899.60","4,143.50",14.77M,0.1723,14.77,"4,968.70"
3-Apr-19,"4,968.70","4,859.30","5,278.40","4,814.00",13.83M,0.0225,13.83,"4,902.40"
4-Apr-19,"4,902.40","4,968.70","5,042.50","4,789.20",1.05M,-0.0133,1.05,"5,010.20"
5-Apr-19,"5,010.20","4,902.50","5,029.40","4,888.30",851.72K,0.022,851.72,"5,046.20"
6-Apr-19,"5,046.20","5,010.00","5,198.40","4,947.90",952.18K,0.0072,952.18,"5,173.60"
7-Apr-19,"5,173.60","5,046.10","5,219.50","5,033.70",841.27K,0.0253,841.27,"5,245.20"
8-Apr-19,"5,245.20","5,173.50","5,300.60","5,060.50",928.23K,0.0138,928.23,"5,158.40"
9-Apr-19,"5,158.40","5,245.00","5,245.90","5,095.20",784.62K,-0.0165,784.62,"5,307.80"
10-Apr-19,"5,307.80","5,158.40","5,404.10","5,142.90",837.51K,0.0289,837.51,"5,022.60"
11-Apr-19,"5,022.60","5,307.70","5,337.00","4,948.00",943.49K,-0.0537,943.49,"5,054.20"
12-Apr-19,"5,054.20","5,022.70","5,080.50","4,889.20",779.14K,0.0063,779.14,"5,051.80"
13-Apr-19,"5,051.80","5,054.20","5,093.40","5,011.60",577.16K,-0.0005,577.16,"5,134.80"
14-Apr-19,"5,134.80","5,052.00","5,153.50","5,010.70",566.38K,0.0164,566.38,"5,032.30"
15-Apr-19,"5,032.30","5,135.10","5,168.00","4,964.20",688.20K,-0.02,688.2,"5,180.90"
16-Apr-19,"5,180.90","5,031.40","5,198.40","5,014.40",631.05K,0.0295,631.05,"5,208.30"
17-Apr-19,"5,208.30","5,182.10","5,230.90","5,165.50",806.52K,0.0053,806.52,"5,264.70"
18-Apr-19,"5,264.70","5,208.30","5,293.10","5,205.00",727.97K,0.0108,727.97,"5,241.00"
19-Apr-19,"5,241.00","5,264.80","5,282.40","5,192.10",787.09K,-0.0045,787.09,"5,290.20"
20-Apr-19,"5,290.20","5,241.00","5,327.00","5,240.20",782.32K,0.0094,782.32,"5,243.50"
21-Apr-19,"5,243.50","5,290.20","5,308.20","5,189.80",811.41K,-0.0088,811.41,"5,346.70"
22-Apr-19,"5,346.70","5,248.20","5,370.20","5,170.20",920.77K,0.0197,920.77,"5,511.60"
23-Apr-19,"5,511.60","5,346.50","5,594.40","5,291.40",900.00K,0.0308,900,"5,415.60"
24-Apr-19,"5,415.60","5,511.20","5,589.60","5,346.80",994.04K,-0.0174,994.04,"5,209.10"
25-Apr-19,"5,209.10","5,415.60","5,528.20","5,137.40",955.36K,-0.0381,955.36,"5,298.30"
26-Apr-19,"5,298.30","5,209.20","5,469.30","5,159.30",1.03M,0.0171,1.03,"5,265.90"
27-Apr-19,"5,265.90","5,298.20","5,318.10","5,225.40",833.13K,-0.0061,833.13,"5,302.30"
28-Apr-19,"5,302.30","5,265.70","5,332.50","5,234.40",681.41K,0.0069,681.41,"5,235.00"
29-Apr-19,"5,235.00","5,302.40","5,322.90","5,188.90",775.82K,-0.0127,775.82,"5,320.80"
30-Apr-19,"5,320.80","5,235.40","5,336.60","5,195.90",697.42K,0.0164,697.42,"5,384.20"
1-May-19,"5,384.20","5,321.10","5,396.30","5,319.50",623.64K,0.0119,623.64,"5,493.80"
2-May-19,"5,493.80","5,384.60","5,530.80","5,370.00",722.23K,0.0204,722.23,"5,766.80"
3-May-19,"5,766.80","5,493.60","5,844.20","5,478.70",1.04M,0.0497,1.04,"5,830.90"
4-May-19,"5,830.90","5,768.00","5,899.20","5,605.00",920.61K,0.0111,920.61,"5,774.90"
5-May-19,"5,774.90","5,830.80","5,838.20","5,708.20",709.02K,-0.0096,709.02,"5,745.10"
6-May-19,"5,745.10","5,775.10","5,801.40","5,630.50",755.39K,-0.0052,755.39,"5,849.50"
7-May-19,"5,849.50","5,745.50","6,019.80","5,745.50",955.88K,0.0182,955.88,"5,990.30"
8-May-19,"5,990.30","5,849.40","6,011.30","5,799.10",757.13K,0.0241,757.13,"6,191.50"
9-May-19,"6,191.50","5,990.50","6,206.00","5,990.00",799.96K,0.0336,799.96,"6,386.00"
10-May-19,"6,386.00","6,194.30","6,466.60","6,157.80",907.94K,0.0314,907.94,"7,190.30"
11-May-19,"7,190.30","6,386.60","7,373.80","6,386.50",1.31M,0.1259,1.31,"6,984.80"
12-May-19,"6,984.80","7,190.00","7,518.90","6,802.60",1.35M,-0.0286,1.35,"7,806.00"
13-May-19,"7,806.00","6,984.70","8,058.30","6,893.10",1.20M,0.1176,1.2,"7,994.60"
14-May-19,"7,994.60","7,806.40","8,323.90","7,674.00",1.33M,0.0242,1.33,"8,164.60"
15-May-19,"8,164.60","7,994.80","8,225.30","7,856.50",1.13M,0.0213,1.13,"7,871.80"
16-May-19,"7,871.80","8,164.80","8,293.30","7,720.40",1.18M,-0.0359,1.18,"7,359.50"
17-May-19,"7,359.50","7,871.90","7,924.00","6,998.60",1.43M,-0.0651,1.43,"7,262.60"
18-May-19,"7,262.60","7,359.90","7,458.50","7,189.40",865.53K,-0.0132,865.53,"8,157.20"
19-May-19,"8,157.20","7,261.90","8,253.40","7,252.30",1.08M,0.1232,1.08,"7,965.30"
20-May-19,"7,965.30","8,156.40","8,156.40","7,604.00",958.81K,-0.0235,958.81,"7,930.30"
21-May-19,"7,930.30","7,965.00","8,056.80","7,813.20",804.88K,-0.0044,804.88,"7,635.70"
22-May-19,"7,635.70","7,928.70","7,999.00","7,545.90",821.40K,-0.0372,821.4,"7,852.10"
23-May-19,"7,852.10","7,637.20","7,939.10","7,486.80",815.14K,0.0283,815.14,"7,970.10"
24-May-19,"7,970.10","7,852.80","8,124.10","7,775.40",868.47K,0.015,868.47,"8,027.40"
25-May-19,"8,027.40","7,971.40","8,090.10","7,919.10",691.27K,0.0072,691.27,"8,630.20"
26-May-19,"8,630.20","8,029.60","8,718.60","7,866.50",872.12K,0.0751,872.12,"8,760.10"
27-May-19,"8,760.10","8,628.90","8,902.80","8,607.30",907.96K,0.0151,907.96,"8,716.30"
28-May-19,"8,716.30","8,759.40","8,794.10","8,568.80",763.20K,-0.005,763.2,"8,647.80"
29-May-19,"8,647.80","8,715.60","8,747.20","8,435.30",15.43M,-0.0079,15.43,"8,271.90"
30-May-19,"8,271.90","8,647.80","9,045.90","8,054.70",1.04M,-0.0435,1.04,"8,558.30"
31-May-19,"8,558.30","8,271.40","8,578.80","8,135.00",858.41K,0.0346,858.41,"8,545.70"
1-Jun-19,"8,545.70","8,556.90","8,615.80","8,454.00",686.75K,-0.0015,686.75,"8,728.60"
2-Jun-19,"8,728.60","8,545.80","8,807.70","8,534.80",614.54K,0.0214,614.54,"8,124.80"
3-Jun-19,"8,124.80","8,728.60","8,734.90","8,102.70",739.45K,-0.0692,739.45,"7,685.50"
4-Jun-19,"7,685.50","8,118.10","8,118.10","7,494.00",966.95K,-0.0541,966.95,"7,779.10"
5-Jun-19,"7,779.10","7,685.60","7,885.00","7,590.40",762.94K,0.0122,762.94,"7,784.90"
6-Jun-19,"7,784.90","7,779.60","7,861.40","7,480.40",651.82K,0.0008,651.82,"7,985.20"
7-Jun-19,"7,985.20","7,785.80","8,099.40","7,749.40",588.87K,0.0257,588.87,"7,901.40"
8-Jun-19,"7,901.40","7,985.30","8,044.40","7,770.50",485.81K,-0.0105,485.81,"7,635.00"
9-Jun-19,"7,635.00","7,901.60","7,937.50","7,516.90",554.48K,-0.0337,554.48,"7,987.80"
10-Jun-19,"7,987.80","7,635.00","8,012.80","7,523.60",641.38K,0.0462,641.38,"7,888.00"
11-Jun-19,"7,888.00","7,987.80","8,010.40","7,714.50",579.00K,-0.0125,579,"8,133.10"
12-Jun-19,"8,133.10","7,888.00","8,198.10","7,805.80",607.89K,0.0311,607.89,"8,219.00"
13-Jun-19,"8,219.00","8,132.40","8,306.10","8,028.60",574.21K,0.0106,574.21,"8,656.10"
14-Jun-19,"8,656.10","8,218.60","8,685.30","8,153.20",643.17K,0.0532,643.17,"8,812.50"
15-Jun-19,"8,812.50","8,655.80","8,856.70","8,582.30",608.69K,0.0181,608.69,"8,962.50"
16-Jun-19,"8,962.50","8,812.20","9,332.00","8,771.10",849.77K,0.017,849.77,"9,318.80"
17-Jun-19,"9,318.80","8,961.00","9,438.10","8,959.80",738.80K,0.0398,738.8,"9,080.60"
18-Jun-19,"9,080.60","9,318.90","9,336.10","8,962.70",723.17K,-0.0256,723.17,"9,255.40"
19-Jun-19,"9,255.40","9,080.70","9,295.10","9,044.00",587.57K,0.0193,587.57,"9,517.00"
20-Jun-19,"9,517.00","9,255.00","9,583.90","9,188.40",693.62K,0.0283,693.62,"10,179.30"
21-Jun-19,"10,179.30","9,517.70","10,184.30","9,517.40",769.12K,0.0696,769.12,"10,721.70"
22-Jun-19,"10,721.70","10,178.10","11,160.50","10,031.30",1.09M,0.0533,1.09,"10,897.10"
23-Jun-19,"10,897.10","10,721.50","11,361.30","10,557.80",683.79K,0.0164,683.79,"11,046.40"
24-Jun-19,"11,046.40","10,897.30","11,114.40","10,622.60",566.96K,0.0137,566.96,"11,809.90"
25-Jun-19,"11,809.90","11,046.60","11,833.90","11,033.70",781.09K,0.0691,781.09,"13,063.80"
26-Jun-19,"13,063.80","11,811.60","13,929.80","11,747.30",1.48M,0.1062,1.48,"11,287.80"
27-Jun-19,"11,287.80","13,062.40","13,422.00","10,493.50",1.59M,-0.1359,1.59,"12,409.10"
28-Jun-19,"12,409.10","11,288.40","12,461.80","10,970.50",1.09M,0.0993,1.09,"11,906.50"
29-Jun-19,"11,906.50","12,408.00","12,422.90","11,490.80",834.62K,-0.0405,834.62,"10,818.60"
30-Jun-19,"10,818.60","11,906.00","12,179.30","10,765.40",880.77K,-0.0914,880.77,"10,616.60"
1-Jul-19,"10,616.60","10,821.40","11,254.50","10,041.60",1.04M,-0.0187,1.04,"10,835.90"
2-Jul-19,"10,835.90","10,615.50","10,923.50","9,728.50",1.12M,0.0207,1.12,"11,900.80"
3-Jul-19,"11,900.80","10,835.90","11,931.80","10,835.90",998.73K,0.0983,998.73,"11,163.10"
4-Jul-19,"11,163.10","11,899.30","11,948.00","11,087.10",840.34K,-0.062,840.34,"10,970.20"
5-Jul-19,"10,970.20","11,159.70","11,381.80","10,810.30",772.67K,-0.0173,772.67,"11,268.00"
6-Jul-19,"11,268.00","10,969.80","11,650.20","10,967.90",688.96K,0.0271,688.96,"11,415.90"
7-Jul-19,"11,415.90","11,267.90","11,524.60","11,108.10",601.93K,0.0131,601.93,"12,252.60"
8-Jul-19,"12,252.60","11,415.80","12,332.30","11,304.80",695.60K,0.0733,695.6,"12,541.50"
9-Jul-19,"12,541.50","12,250.60","12,772.90","12,111.20",847.84K,0.0236,847.84,"12,110.60"
10-Jul-19,"12,110.60","12,542.80","13,134.40","11,594.90",1.11M,-0.0344,1.11,"11,342.30"
11-Jul-19,"11,342.30","12,111.60","12,111.60","11,029.00",943.13K,-0.0634,943.13,"11,762.10"
12-Jul-19,"11,762.10","11,343.70","11,881.40","11,109.80",738.17K,0.037,738.17,"11,364.90"
13-Jul-19,"11,364.90","11,762.80","11,798.40","10,839.40",747.71K,-0.0338,747.71,"10,200.10"
14-Jul-19,"10,200.10","11,364.30","11,448.70","10,128.90",840.76K,-0.1025,840.76,"10,845.90"
15-Jul-19,"10,845.90","10,199.90","11,064.70","9,885.40",956.52K,0.0633,956.52,"9,424.80"
16-Jul-19,"9,424.80","10,844.00","11,019.50","9,375.30",1.05M,-0.131,1.05,"9,723.20"
17-Jul-19,"9,723.20","9,425.10","9,983.60","9,082.60",1.03M,0.0317,1.03,"10,651.40"
18-Jul-19,"10,651.40","9,723.10","10,787.10","9,390.00",974.49K,0.0955,974.49,"10,571.50"
19-Jul-19,"10,571.50","10,651.60","10,758.40","10,160.70",727.79K,-0.0075,727.79,"10,826.70"
20-Jul-19,"10,826.70","10,571.90","11,155.60","10,462.00",668.94K,0.0241,668.94,"10,714.40"
21-Jul-19,"10,714.40","10,827.00","10,883.80","10,442.50",562.17K,-0.0104,562.17,"10,412.50"
22-Jul-19,"10,412.50","10,715.10","10,806.30","10,196.50",591.27K,-0.0282,591.27,"9,888.70"
23-Jul-19,"9,888.70","10,412.80","10,414.70","9,865.40",663.38K,-0.0503,663.38,"9,804.30"
24-Jul-19,"9,804.30","9,887.20","9,945.30","9,584.00",639.54K,-0.0085,639.54,"9,945.30"
25-Jul-19,"9,945.30","9,804.70","10,203.50","9,776.60",545.85K,0.0144,545.85,"9,831.00"
26-Jul-19,"9,831.00","9,945.20","10,436.10","9,724.20",493.75K,-0.0115,493.75,"9,492.10"
27-Jul-19,"9,492.10","9,830.40","10,232.30","9,389.10",661.89K,-0.0345,661.89,"9,727.80"
28-Jul-19,"9,727.80","9,491.10","9,798.50","9,401.10",518.59K,0.0248,518.59,"9,580.90"
29-Jul-19,"9,580.90","9,728.50","9,835.40","9,502.50",510.90K,-0.0151,510.9,"9,580.70"
30-Jul-19,"9,580.70","9,580.00","9,703.00","9,483.00",511.51K,0,511.51,"10,082.00"
31-Jul-19,"10,082.00","9,580.30","10,100.00","9,562.40",589.84K,0.0523,589.84,"10,380.00"
1-Aug-19,"10,380.00","10,081.90","10,459.00","9,890.60",608.37K,0.0296,608.37,"10,520.10"
2-Aug-19,"10,520.10","10,380.50","10,664.80","10,330.50",578.29K,0.0135,578.29,"10,815.70"
3-Aug-19,"10,815.70","10,519.90","10,893.60","10,504.50",508.75K,0.0281,508.75,"10,934.60"
4-Aug-19,"10,934.60","10,816.10","11,017.70","10,568.80",585.71K,0.011,585.71,"11,816.80"
5-Aug-19,"11,816.80","10,934.80","11,922.30","10,934.80",769.63K,0.0807,769.63,"11,480.90"
6-Aug-19,"11,480.90","11,817.60","12,291.90","11,237.00",807.58K,-0.0284,807.58,"12,013.90"
7-Aug-19,"12,013.90","11,481.00","12,114.50","11,406.40",702.85K,0.0464,702.85,"12,191.60"
8-Aug-19,"12,191.60","12,015.90","12,236.60","11,727.00",592.15K,0.0148,592.15,"12,089.80"
9-Aug-19,"12,089.80","12,190.00","12,225.30","11,885.00",558.72K,-0.0084,558.72,"11,314.50"
10-Aug-19,"11,314.50","12,090.50","12,185.00","11,281.60",570.74K,-0.0641,570.74,"11,517.20"
11-Aug-19,"11,517.20","11,314.60","11,728.40","11,146.10",435.83K,0.0179,435.83,"11,394.20"
12-Aug-19,"11,394.20","11,505.10","11,508.60","11,267.30",391.08K,-0.0107,391.08,"10,892.90"
13-Aug-19,"10,892.90","11,395.00","11,445.60","10,793.20",540.78K,-0.044,540.78,"10,049.40"
14-Aug-19,"10,049.40","10,894.20","10,894.50","9,965.50",745.59K,-0.0774,745.59,"10,303.40"
15-Aug-19,"10,303.40","10,053.30","10,448.20","9,580.10",930.05K,0.0253,930.05,"10,335.60"
16-Aug-19,"10,335.60","10,300.90","10,734.00","9,788.60",798.67K,0.0031,798.67,"10,218.10"
17-Aug-19,"10,218.10","10,335.50","10,460.70","10,016.30",497.77K,-0.0114,497.77,"10,312.70"
18-Aug-19,"10,312.70","10,219.30","10,494.90","10,086.70",441.11K,0.0093,441.11,"10,910.70"
19-Aug-19,"10,910.70","10,312.80","10,923.90","10,267.80",519.01K,0.058,519.01,"10,752.60"
20-Aug-19,"10,752.60","10,911.20","10,941.60","10,581.00",515.47K,-0.0145,515.47,"10,141.50"
21-Aug-19,"10,141.50","10,753.30","10,797.80","9,908.00",717.65K,-0.0568,717.65,"10,105.00"
22-Aug-19,"10,105.00","10,141.10","10,218.20","9,777.00",520.75K,-0.0036,520.75,"10,388.70"
23-Aug-19,"10,388.70","10,104.90","10,434.30","9,921.40",436.26K,0.0281,436.26,"10,131.00"
24-Aug-19,"10,131.00","10,389.40","10,415.90","9,917.50",463.85K,-0.0248,463.85,"10,136.30"
25-Aug-19,"10,136.30","10,132.10","10,307.00","9,935.20",422.53K,0.0005,422.53,"10,371.80"
26-Aug-19,"10,371.80","10,136.00","10,568.20","10,136.00",568.77K,0.0232,568.77,"10,184.80"
27-Aug-19,"10,184.80","10,372.20","10,387.60","10,060.20",419.81K,-0.018,419.81,"9,729.40"
28-Aug-19,"9,729.40","10,184.70","10,271.30","9,629.60",580.29K,-0.0447,580.29,"9,491.00"
29-Aug-19,"9,491.00","9,729.10","9,729.10","9,343.00",509.13K,-0.0245,509.13,"9,585.40"
30-Aug-19,"9,585.40","9,494.10","9,675.70","9,370.20",413.92K,0.0099,413.92,"9,594.40"
31-Aug-19,"9,594.40","9,585.50","9,677.50","9,457.30",311.49K,0.0009,311.49,"9,729.30"
1-Sep-19,"9,729.30","9,594.70","9,799.50","9,533.60",322.66K,0.0141,322.66,"10,348.80"
2-Sep-19,"10,348.80","9,728.80","10,431.50","9,720.30",542.79K,0.0637,542.79,"10,612.30"
3-Sep-19,"10,612.30","10,348.10","10,756.80","10,283.50",578.79K,0.0255,578.79,"10,568.20"
4-Sep-19,"10,568.20","10,611.60","10,783.60","10,388.60",504.45K,-0.0042,504.45,"10,566.90"
5-Sep-19,"10,566.90","10,567.80","10,630.70","10,469.90",402.09K,-0.0001,402.09,"10,309.30"
6-Sep-19,"10,309.30","10,566.70","10,896.20","10,227.40",643.02K,-0.0244,643.02,"10,461.10"
7-Sep-19,"10,461.10","10,306.90","10,556.40","10,302.30",393.57K,0.0147,393.57,"10,402.80"
8-Sep-19,"10,402.80","10,461.60","10,578.00","10,266.30",339.73K,-0.0056,339.73,"10,309.00"
9-Sep-19,"10,309.00","10,402.10","10,478.00","10,095.70",473.76K,-0.009,473.76,"10,105.40"
10-Sep-19,"10,105.40","10,308.70","10,379.80","9,970.70",383.22K,-0.0198,383.22,"10,162.50"
11-Sep-19,"10,162.50","10,104.90","10,257.50","9,908.90",413.06K,0.0057,413.06,"10,415.10"
12-Sep-19,"10,415.10","10,162.40","10,447.90","10,051.00",413.22K,0.0249,413.22,"10,342.10"
13-Sep-19,"10,342.10","10,415.20","10,441.40","10,174.10",365.52K,-0.007,365.52,"10,337.30"
14-Sep-19,"10,337.30","10,342.20","10,421.40","10,253.70",326.44K,-0.0005,326.44,"10,311.50"
15-Sep-19,"10,311.50","10,337.30","10,360.40","10,272.00",255.79K,-0.0025,255.79,"10,255.50"
16-Sep-19,"10,255.50","10,311.30","10,360.50","10,108.50",372.53K,-0.0054,372.53,"10,195.70"
17-Sep-19,"10,195.70","10,254.60","10,273.60","10,153.50",321.64K,-0.0058,321.64,"10,164.70"
18-Sep-19,"10,164.70","10,195.70","10,257.50","10,119.30",318.82K,-0.003,318.82,"10,250.50"
19-Sep-19,"10,250.50","10,164.60","10,297.60","9,707.60",542.25K,0.0084,542.25,"10,172.70"
20-Sep-19,"10,172.70","10,251.50","10,279.50","10,088.60",362.07K,-0.0076,362.07,"9,993.00"
21-Sep-19,"9,993.00","10,172.80","10,177.90","9,939.80",326.17K,-0.0177,326.17,"10,031.60"
22-Sep-19,"10,031.60","9,993.00","10,075.00","9,870.90",337.06K,0.0039,337.06,"9,702.20"
23-Sep-19,"9,702.20","10,031.30","10,048.80","9,656.30",431.10K,-0.0328,431.1,"8,513.90"
24-Sep-19,"8,513.90","9,702.70","9,793.80","8,069.40",933.16K,-0.1225,933.16,"8,432.40"
25-Sep-19,"8,432.40","8,512.30","8,729.80","8,245.10",696.11K,-0.0096,696.11,"8,063.80"
26-Sep-19,"8,063.80","8,432.50","8,463.10","7,773.60",731.03K,-0.0437,731.03,"8,184.90"
27-Sep-19,"8,184.90","8,063.80","8,257.40","7,882.10",561.40K,0.015,561.4,"8,208.50"
28-Sep-19,"8,208.50","8,184.50","8,297.20","8,031.10",457.79K,0.0029,457.79,"8,049.10"
29-Sep-19,"8,049.10","8,208.00","8,226.80","7,922.10",418.48K,-0.0194,418.48,"8,284.30"
30-Sep-19,"8,284.30","8,048.90","8,318.50","7,749.00",600.26K,0.0292,600.26,"8,302.70"
1-Oct-19,"8,302.70","8,285.00","8,486.20","8,187.90",533.95K,0.0022,533.95,"8,364.10"
2-Oct-19,"8,364.10","8,302.70","8,374.00","8,167.70",405.86K,0.0074,405.86,"8,226.90"
3-Oct-19,"8,226.90","8,363.60","8,391.70","8,090.10",460.97K,-0.0164,460.97,"8,148.10"
4-Oct-19,"8,148.10","8,227.60","8,233.60","8,041.40",416.92K,-0.0096,416.92,"8,127.30"
5-Oct-19,"8,127.30","8,148.00","8,185.10","8,030.60",360.92K,-0.0025,360.92,"7,881.90"
6-Oct-19,"7,881.90","8,127.30","8,145.50","7,834.90",448.80K,-0.0302,448.8,"8,198.60"
7-Oct-19,"8,198.60","7,882.60","8,293.50","7,797.00",604.74K,0.0402,604.74,"8,182.90"
8-Oct-19,"8,182.90","8,198.50","8,323.10","8,118.10",469.04K,-0.0019,469.04,"8,566.70"
9-Oct-19,"8,566.70","8,180.10","8,655.90","8,122.70",636.43K,0.0469,636.43,"8,562.30"
10-Oct-19,"8,562.30","8,566.80","8,638.50","8,438.70",511.46K,-0.0005,511.46,"8,267.80"
11-Oct-19,"8,267.80","8,562.20","8,751.10","8,249.70",667.86K,-0.0344,667.86,"8,304.40"
12-Oct-19,"8,304.40","8,267.60","8,394.80","8,260.90",424.02K,0.0044,424.02,"8,281.50"
13-Oct-19,"8,281.50","8,304.30","8,450.20","8,190.60",419.87K,-0.0028,419.87,"8,353.30"
14-Oct-19,"8,353.30","8,281.30","8,374.30","8,222.20",505.02K,0.0087,505.02,"8,167.20"
15-Oct-19,"8,167.20","8,353.40","8,400.20","8,139.50",469.73K,-0.0223,469.73,"8,000.40"
16-Oct-19,"8,000.40","8,167.10","8,185.90","7,929.80",538.92K,-0.0204,538.92,"8,073.30"
17-Oct-19,"8,073.30","8,000.40","8,118.20","7,944.40",444.95K,0.0091,444.95,"7,948.50"
18-Oct-19,"7,948.50","8,073.30","8,116.40","7,842.00",505.79K,-0.0155,505.79,"7,957.30"
19-Oct-19,"7,957.30","7,948.30","8,060.20","7,892.40",428.83K,0.0011,428.83,"8,223.40"
20-Oct-19,"8,223.40","7,957.40","8,288.50","7,889.60",513.91K,0.0334,513.91,"8,208.20"
21-Oct-19,"8,208.20","8,224.10","8,315.30","8,155.70",489.40K,-0.0018,489.4,"8,031.40"
22-Oct-19,"8,031.40","8,207.40","8,289.10","8,017.70",570.39K,-0.0215,570.39,"7,477.00"
23-Oct-19,"7,477.00","8,031.00","8,055.00","7,329.20",892.08K,-0.069,892.08,"7,422.70"
24-Oct-19,"7,422.70","7,476.80","7,501.50","7,366.30",586.49K,-0.0073,586.49,"8,658.30"
25-Oct-19,"8,658.30","7,422.80","8,697.70","7,404.90",1.18M,0.1665,1.18,"9,230.60"
26-Oct-19,"9,230.60","8,658.40","10,540.00","8,061.80",1.78M,0.0661,1.78,"9,529.60"
27-Oct-19,"9,529.60","9,230.60","9,773.20","9,081.00",1.16M,0.0324,1.16,"9,207.20"
28-Oct-19,"9,207.20","9,530.10","9,866.90","9,202.50",1.04M,-0.0338,1.04,"9,411.30"
29-Oct-19,"9,411.30","9,206.50","9,531.30","9,125.30",918.48K,0.0222,918.48,"9,157.90"
30-Oct-19,"9,157.90","9,411.30","9,411.30","9,018.40",789.73K,-0.0269,789.73,"9,152.60"
31-Oct-19,"9,152.60","9,157.90","9,378.90","8,959.60",798.93K,-0.0006,798.93,"9,230.10"
1-Nov-19,"9,230.10","9,153.10","9,270.40","9,057.20",689.65K,0.0085,689.65,"9,300.60"
2-Nov-19,"9,300.60","9,230.30","9,356.70","9,201.20",570.74K,0.0076,570.74,"9,198.30"
3-Nov-19,"9,198.30","9,300.50","9,359.10","9,095.00",536.56K,-0.011,536.56,"9,396.40"
4-Nov-19,"9,396.40","9,198.70","9,500.40","9,134.10",681.01K,0.0215,681.01,"9,310.80"
5-Nov-19,"9,310.80","9,396.10","9,452.70","9,193.90",653.42K,-0.0091,653.42,"9,338.90"
6-Nov-19,"9,338.90","9,311.20","9,424.60","9,262.70",578.03K,0.003,578.03,"9,223.50"
7-Nov-19,"9,223.50","9,339.20","9,367.00","9,130.00",603.54K,-0.0124,603.54,"8,778.20"
8-Nov-19,"8,778.20","9,223.60","9,254.80","8,722.40",791.79K,-0.0483,791.79,"8,804.50"
9-Nov-19,"8,804.50","8,778.10","8,877.50","8,746.90",512.02K,0.003,512.02,"9,036.80"
10-Nov-19,"9,036.80","8,804.70","9,092.90","8,763.50",581.57K,0.0264,581.57,"8,736.90"
11-Nov-19,"8,736.90","9,036.90","9,066.40","8,649.40",601.16K,-0.0332,601.16,"8,812.60"
12-Nov-19,"8,812.60","8,737.40","8,841.20","8,615.70",575.16K,0.0087,575.16,"8,783.10"
13-Nov-19,"8,783.10","8,813.20","8,829.70","8,721.10",454.33K,-0.0033,454.33,"8,661.20"
14-Nov-19,"8,661.20","8,782.90","8,799.80","8,615.80",515.43K,-0.0139,515.43,"8,476.30"
15-Nov-19,"8,476.30","8,660.80","8,761.80","8,437.10",653.71K,-0.0213,653.71,"8,497.30"
16-Nov-19,"8,497.30","8,476.20","8,532.80","8,450.70",471.16K,0.0025,471.16,"8,509.80"
17-Nov-19,"8,509.80","8,497.40","8,631.70","8,413.00",531.22K,0.0015,531.22,"8,208.40"
18-Nov-19,"8,208.40","8,510.30","8,516.30","8,110.40",692.60K,-0.0354,692.6,"8,145.70"
19-Nov-19,"8,145.70","8,207.70","8,245.60","8,032.80",654.27K,-0.0076,654.27,"8,099.30"
20-Nov-19,"8,099.30","8,145.70","8,223.00","8,074.20",607.27K,-0.0057,607.27,"7,627.90"
21-Nov-19,"7,627.90","8,099.40","8,129.60","7,519.70",891.50K,-0.0582,891.5,"7,272.50"
22-Nov-19,"7,272.50","7,627.90","7,700.90","6,818.50",1.41M,-0.0466,1.41,"7,324.10"
23-Nov-19,"7,324.10","7,271.60","7,342.50","7,093.70",783.18K,0.0071,783.18,"6,924.70"
24-Nov-19,"6,924.70","7,325.00","7,344.10","6,894.90",904.50K,-0.0545,904.5,"7,115.60"
25-Nov-19,"7,115.60","6,924.70","7,352.80","6,534.80",1.29M,0.0276,1.29,"7,162.80"
26-Nov-19,"7,162.80","7,115.50","7,329.50","7,045.10",844.27K,0.0066,844.27,"7,510.60"
27-Nov-19,"7,510.60","7,162.80","7,636.90","6,875.40",996.49K,0.0486,996.49,"7,426.70"
28-Nov-19,"7,426.70","7,510.60","7,639.50","7,380.60",737.58K,-0.0112,737.58,"7,742.70"
29-Nov-19,"7,742.70","7,426.60","7,825.30","7,412.30",766.71K,0.0426,766.71,"7,546.60"
30-Nov-19,"7,546.60","7,742.70","7,787.70","7,472.70",650.60K,-0.0253,650.6,"7,396.40"
1-Dec-19,"7,396.40","7,546.50","7,546.50","7,244.40",777.00K,-0.0199,777,"7,298.20"
2-Dec-19,"7,298.20","7,395.90","7,433.80","7,173.60",687.78K,-0.0133,687.78,"7,291.80"
3-Dec-19,"7,291.80","7,298.10","7,389.40","7,227.10",548.77K,-0.0009,548.77,"7,204.40"
4-Dec-19,"7,204.40","7,291.90","7,702.20","7,113.60",971.75K,-0.012,971.75,"7,399.20"
5-Dec-19,"7,399.20","7,204.60","7,476.30","7,184.00",780.78K,0.027,780.78,"7,530.80"
6-Dec-19,"7,530.80","7,399.20","7,552.10","7,329.80",706.10K,0.0178,706.1,"7,510.90"
7-Dec-19,"7,510.90","7,530.40","7,595.70","7,489.60",557.14K,-0.0026,557.14,"7,524.40"
8-Dec-19,"7,524.40","7,510.80","7,576.40","7,416.70",499.04K,0.0018,499.04,"7,355.80"
9-Dec-19,"7,355.80","7,524.80","7,626.00","7,321.60",648.66K,-0.0224,648.66,"7,235.70"
10-Dec-19,"7,235.70","7,356.20","7,400.30","7,192.10",609.50K,-0.0163,609.5,"7,208.00"
11-Dec-19,"7,208.00","7,235.80","7,284.40","7,168.80",518.40K,-0.0038,518.4,"7,208.00"
12-Dec-19,"7,208.00","7,208.00","7,272.40","7,124.60",611.80K,0,611.8,"7,255.20"
13-Dec-19,"7,255.20","7,208.40","7,288.00","7,200.30",503.49K,0.0065,503.49,"7,080.80"
14-Dec-19,"7,080.80","7,255.20","7,267.40","7,043.30",524.56K,-0.024,524.56,"7,128.50"
15-Dec-19,"7,128.50","7,080.80","7,175.80","7,033.80",492.58K,0.0067,492.58,"6,903.50"
16-Dec-19,"6,903.50","7,128.50","7,153.10","6,864.60",689.56K,-0.0316,689.56,"6,901.50"
17-Dec-19,"6,901.50","6,903.50","6,922.90","6,895.00",658.23K,-0.0003,658.23,"6,900.00"
