Date	Price	Open	High	Low	Vol.	Change %	Predict
10-Mar-16	11.75	11.2	11.85	11.07	0	0.0491	11.95
11-Mar-16	11.95	11.75	11.95	11.75	0.18	0.017	12.92
12-Mar-16	12.92	11.95	13.45	11.95	0.83	0.0812	15.07
13-Mar-16	15.07	12.92	15.07	12.92	1.3	0.1664	12.5
14-Mar-16	12.5	15.07	15.07	11.4	92.18	-0.1705	13.06
15-Mar-16	13.06	12.63	13.42	11.98	39.73	0.0448	12.88
16-Mar-16	12.88	13.06	13.89	12.62	19.24	-0.0138	10.74
17-Mar-16	10.74	12.58	12.61	10.44	89.45	-0.1661	10.74
18-Mar-16	10.74	11.09	11.2	8.34	157.37	0	10.31
19-Mar-16	10.31	10.97	11.1	9.78	67.55	-0.04	10.18
20-Mar-16	10.18	10.55	10.88	9.56	33.18	-0.0126	11.95
21-Mar-16	11.95	10.18	12.05	10.14	38.86	0.1739	11.37
22-Mar-16	11.37	11.53	11.97	11.08	26.29	-0.0485	12.43
23-Mar-16	12.43	11.37	12.43	11.2	27.02	0.0932	11.2
24-Mar-16	11.2	12.43	12.47	10.67	50.8	-0.099	10.67
25-Mar-16	10.67	11.32	11.35	10.52	87.42	-0.0473	11
26-Mar-16	11	10.67	11.2	10.58	16.12	0.0309	10.4
27-Mar-16	10.4	10.93	10.98	10.17	55.81	-0.0545	11.62
28-Mar-16	11.62	10.4	11.94	10.4	77.31	0.1173	11.79
29-Mar-16	11.79	11.78	11.88	11.37	47.57	0.0146	11.85
30-Mar-16	11.85	11.79	12.3	11.44	36.96	0.0051	11.41
31-Mar-16	11.41	11.92	12.02	11.29	32.67	-0.0371	11.62
1-Apr-16	11.62	11.41	11.94	11.39	22.2	0.0184	11.61
2-Apr-16	11.61	11.65	11.77	11.43	12.17	-0.0009	11.75
3-Apr-16	11.75	11.61	11.76	11.4	18.85	0.0121	11.15
4-Apr-16	11.15	11.6	11.67	10.88	38.74	-0.0511	10.4
5-Apr-16	10.4	11.15	11.15	9.7	53.39	-0.0673	10.76
6-Apr-16	10.76	10.4	10.96	10.2	40.04	0.0346	10.12
7-Apr-16	10.12	10.76	10.85	9.4	50.74	-0.0595	9.71
8-Apr-16	9.71	10.05	10.34	9.6	25.97	-0.0405	9.15
9-Apr-16	9.15	9.69	10.2	9	64.96	-0.0577	8.76
10-Apr-16	8.76	9.15	9.43	7.52	171.99	-0.0426	8.68
11-Apr-16	8.68	8.56	8.93	8.01	60.28	-0.0091	7.53
12-Apr-16	7.53	8.53	8.54	7.21	63.82	-0.1325	8.09
13-Apr-16	8.09	7.48	8.8	6.86	142.21	0.0744	8.46
14-Apr-16	8.46	8.08	8.86	8	36.15	0.0457	8.32
15-Apr-16	8.32	8.39	8.69	8.1	30.48	-0.0165	8.54
16-Apr-16	8.54	8.23	8.68	8.18	29.26	0.0264	9.46
17-Apr-16	9.46	8.7	10.9	8.61	96.05	0.1077	8.97
18-Apr-16	8.97	9.3	9.55	8.44	37.88	-0.0518	8.71
19-Apr-16	8.71	8.97	9.38	8.65	35.26	-0.029	8.61
20-Apr-16	8.61	8.73	9.05	8.35	167.71	-0.0115	8.11
21-Apr-16	8.11	8.61	8.8	8	45.52	-0.0581	7.97
22-Apr-16	7.97	8.23	8.41	7.73	97.37	-0.0173	8.46
23-Apr-16	8.46	7.95	8.8	7.81	89.57	0.0615	8.1
24-Apr-16	8.1	8.35	8.5	8.01	52.06	-0.0426	7.54
25-Apr-16	7.54	8.05	8.15	7.32	207.06	-0.0691	7.5
26-Apr-16	7.5	7.56	7.6	7.12	129.27	-0.0053	7.8
27-Apr-16	7.8	7.4	7.99	7.31	90.46	0.04	7.33
28-Apr-16	7.33	7.73	7.87	7.25	69.4	-0.0603	7.52
29-Apr-16	7.52	7.23	7.72	7.19	51.16	0.0259	8.87
30-Apr-16	8.87	7.45	9.36	7.45	267.97	0.1795	8.75
1-May-16	8.75	8.74	9	8.35	71.99	-0.0135	10
2-May-16	10	8.83	10.3	8.79	295.38	0.1429	9.34
3-May-16	9.34	10.01	10.01	9.18	128.32	-0.066	9.46
4-May-16	9.46	9.38	10	9.25	74.7	0.0128	9.79
5-May-16	9.79	9.4	10	9.3	62.44	0.0349	9.35
6-May-16	9.35	9.85	9.98	9.12	92.42	-0.0449	9.35
7-May-16	9.35	9.45	9.64	9.2	31.39	0	9.5
8-May-16	9.5	9.41	9.64	9	80.09	0.016	9.32
9-May-16	9.32	9.51	9.65	9.25	77.29	-0.0189	9.38
10-May-16	9.38	9.31	9.47	9.28	18.32	0.0064	9.89
11-May-16	9.89	9.38	9.98	9.3	110.31	0.0544	10.04
12-May-16	10.04	9.92	10.47	9.79	142.19	0.0152	10.6
13-May-16	10.6	10.09	11.11	10.08	194.28	0.0558	10.16
14-May-16	10.16	10.6	10.75	9.71	121.86	-0.0415	9.97
15-May-16	9.97	10.25	10.42	9.93	42.73	-0.0187	11.09
16-May-16	11.09	10.01	11.47	10	257.21	0.1123	12.08
17-May-16	12.08	11.15	12.6	11.1	540.97	0.0893	13.35
18-May-16	13.35	12.28	14.4	12.21	420.07	0.1051	14.58
19-May-16	14.58	13.4	14.65	13.2	393.14	0.0921	13.79
20-May-16	13.79	14.74	14.89	13.31	338.69	-0.0542	14
21-May-16	14	13.6	14	13.01	209.03	0.0152	14.21
22-May-16	14.21	14.06	14.51	13.62	118.19	0.015	13.42
23-May-16	13.42	14.21	14.49	13.32	170.09	-0.0556	12.73
24-May-16	12.73	13.38	13.82	12	437.47	-0.0514	12.49
25-May-16	12.49	12.84	12.99	11.8	247.58	-0.0189	12.48
26-May-16	12.48	12.52	13.07	12.13	215.64	-0.0008	11.12
27-May-16	11.12	12.4	12.43	10.53	645.84	-0.109	11.98
28-May-16	11.98	10.99	12.5	10.38	587.07	0.0773	12.41
29-May-16	12.41	11.8	12.89	11.78	455.11	0.0359	12.72
30-May-16	12.72	12.44	12.81	12.3	122.98	0.025	14.01
31-May-16	14.01	12.78	14.28	12.6	517.98	0.1014	13.85
1-Jun-16	13.85	14.07	14.3	13.46	289.63	-0.0114	13.8
2-Jun-16	13.8	13.94	14.03	13.61	155.53	-0.0036	13.84
3-Jun-16	13.84	13.82	13.99	13.42	200.81	0.0029	13.81
4-Jun-16	13.81	13.9	13.9	13.4	139.12	-0.0022	13.95
5-Jun-16	13.95	13.75	13.97	13.69	54.66	0.0101	14.03
6-Jun-16	14.03	14	14.19	13.8	105.55	0.0057	14.5
7-Jun-16	14.5	13.94	14.7	13.88	199.89	0.0335	14.49
8-Jun-16	14.49	14.6	14.89	14.3	257.01	-0.0007	14.45
9-Jun-16	14.45	14.51	14.7	14.37	64.98	-0.0028	13.97
10-Jun-16	13.97	14.44	14.46	13.56	220.15	-0.0332	14.15
11-Jun-16	14.15	13.95	14.28	13.81	109.42	0.0129	15.8
12-Jun-16	15.8	14.3	16.09	14.25	550.47	0.1166	17.73
13-Jun-16	17.73	15.75	17.91	15.7	896.99	0.1222	18.73
14-Jun-16	18.73	17.65	19.41	16	1.17	0.0564	18.45
15-Jun-16	18.45	18.7	18.75	17.55	365.42	-0.0149	20.7
16-Jun-16	20.7	18.61	21.1	18.44	1.02	0.122	15.61
17-Jun-16	15.61	20.86	21.69	11.51	4.72	-0.2459	11.41
18-Jun-16	11.41	15.19	15.3	10.13	3.04	-0.2691	12.43
19-Jun-16	12.43	10.76	13.36	10.55	1.14	0.0894	11.9
20-Jun-16	11.9	12.33	12.49	10.51	1.11	-0.0426	12.94
21-Jun-16	12.94	11.67	12.98	11.2	644.71	0.0874	13.25
22-Jun-16	13.25	13.75	15.9	12.95	1.83	0.024	13.75
23-Jun-16	13.75	13.26	14	12.5	521.61	0.0377	14.29
24-Jun-16	14.29	13.76	14.46	13.1	551.44	0.0393	14.31
25-Jun-16	14.31	14.39	14.84	13.91	262.84	0.0014	13.75
26-Jun-16	13.75	14.22	14.4	13.53	213.87	-0.0391	13.96
27-Jun-16	13.96	13.71	14.19	13.68	135.03	0.0153	12.22
28-Jun-16	12.22	13.95	14.07	11.51	896.16	-0.1246	12.77
29-Jun-16	12.77	12.08	13.05	11.57	427.25	0.045	12.5
30-Jun-16	12.5	12.64	12.88	12.2	213.19	-0.0211	12.35
1-Jul-16	12.35	12.5	12.58	11.74	302.72	-0.012	12.14
2-Jul-16	12.14	12.17	12.2	11.95	86.17	-0.017	11.78
3-Jul-16	11.78	12.06	12.11	11.56	196.78	-0.0297	11.42
4-Jul-16	11.42	11.65	11.85	11.35	147.79	-0.0306	10.53
5-Jul-16	10.53	11.42	11.49	9.35	1.12	-0.0779	10.55
6-Jul-16	10.55	10.37	11.12	10.22	327.6	0.0019	10.14
7-Jul-16	10.14	10.58	10.67	9.73	291.46	-0.0389	11.31
8-Jul-16	11.31	10.16	11.65	9.9	533.97	0.1154	10.9
9-Jul-16	10.9	11.37	11.43	10.4	431.16	-0.0363	10.95
10-Jul-16	10.95	10.83	11.02	10.74	75.85	0.0046	10.51
11-Jul-16	10.51	10.95	11.09	10.2	287.84	-0.0402	10.55
12-Jul-16	10.55	10.48	10.8	10.4	143.68	0.0038	10.47
13-Jul-16	10.47	10.55	10.6	10.43	62.85	-0.0076	11.6
14-Jul-16	11.6	10.7	11.79	10.69	419.07	0.1079	11.93
15-Jul-16	11.93	11.5	12.55	11.37	600.62	0.0284	11.72
16-Jul-16	11.72	11.95	12.05	11.72	127.93	-0.0176	11.24
17-Jul-16	11.24	11.72	11.74	11.02	575.47	-0.041	11.04
18-Jul-16	11.04	11.31	11.75	11.01	252.34	-0.0178	11.75
19-Jul-16	11.75	11.09	12.24	11.07	678.52	0.0643	12.48
20-Jul-16	12.48	11.7	13.04	11.55	1.65	0.0621	12.55
21-Jul-16	12.55	12.52	12.75	12.03	534.75	0.0056	14.67
22-Jul-16	14.67	12.67	15.15	12.53	1.57	0.1689	14.25
23-Jul-16	14.25	14.55	14.85	13.9	638.42	-0.0286	12.65
24-Jul-16	12.65	14.33	14.44	12.17	1.65	-0.1123	13.8
25-Jul-16	13.8	12.86	13.8	12.75	742.81	0.0909	12.01
26-Jul-16	12.01	13.55	13.86	11.91	1.36	-0.1297	13.03
27-Jul-16	13.03	12.01	13.28	11.78	377.97	0.0849	12.87
28-Jul-16	12.87	12.93	13	12.54	300.44	-0.0123	12.9
29-Jul-16	12.9	12.87	12.94	12.6	183.46	0.0023	12.52
30-Jul-16	12.52	12.85	12.85	12.47	171.5	-0.0295	11.86
31-Jul-16	11.86	12.45	12.55	11.3	419.36	-0.0527	11.08
1-Aug-16	11.08	12	12.04	11.08	318.87	-0.0658	10.16
2-Aug-16	10.16	11.04	11.2	9.9	882.66	-0.083	10.16
3-Aug-16	10.16	10.16	10.16	10.16	0	0	10.16
4-Aug-16	10.16	10.16	10.16	10.16	0	0	10.16
5-Aug-16	10.16	10.16	10.16	10.16	0	0	10.16
6-Aug-16	10.16	10.16	10.16	10.16	0	0	10.16
7-Aug-16	10.16	10.16	10.16	10.16	0	0	10.16
8-Aug-16	10.16	10.16	10.16	10.16	0	0	10.16
9-Aug-16	10.16	10.16	10.16	10.16	0	0	12.07
10-Aug-16	12.07	11.99	12.33	11.86	383.91	0.188	11.64
11-Aug-16	11.64	11.9	12.1	11.57	339.86	-0.0356	11.67
12-Aug-16	11.67	11.71	11.99	11.57	254.56	0.0026	11.48
13-Aug-16	11.48	11.69	11.76	11.4	138.26	-0.0163	11.16
14-Aug-16	11.16	11.48	11.67	11	188.63	-0.0279	11.09
15-Aug-16	11.09	11.16	11.28	10.88	140.55	-0.0063	11.07
16-Aug-16	11.07	11.15	11.17	10.83	65.95	-0.0018	10.72
17-Aug-16	10.72	11.07	11.07	10.65	456.39	-0.0316	10.69
18-Aug-16	10.69	10.72	10.97	10.66	162.11	-0.0028	10.68
19-Aug-16	10.68	10.69	10.76	10.61	139.95	-0.0009	11.26
20-Aug-16	11.26	10.69	11.3	10.68	190.53	0.0543	11.13
21-Aug-16	11.13	11.26	11.3	10.93	49.47	-0.0115	11.14
22-Aug-16	11.14	11.2	11.36	11	81.73	0.0009	10.99
23-Aug-16	10.99	11.14	11.28	10.9	64.41	-0.0135	10.98
24-Aug-16	10.98	11.03	11.2	10.96	37.43	-0.0009	11.39
25-Aug-16	11.39	10.98	11.39	10.97	82.8	0.0373	11.22
26-Aug-16	11.22	11.39	11.42	11.13	30.15	-0.0149	11.2
27-Aug-16	11.2	11.26	11.26	11.13	8.96	-0.0018	10.94
28-Aug-16	10.94	11.11	11.16	10.92	35.3	-0.0232	10.93
29-Aug-16	10.93	10.94	11.18	10.78	63.32	-0.0009	11.29
30-Aug-16	11.29	11.03	11.39	10.94	42.08	0.0329	11.63
31-Aug-16	11.63	11.33	11.63	11.17	39.51	0.0301	12.22
1-Sep-16	12.22	11.66	12.6	11.61	82.45	0.0507	12.13
2-Sep-16	12.13	12.22	12.38	11.91	60.24	-0.0074	12.01
3-Sep-16	12.01	12.13	12.43	11.65	87.38	-0.0099	11.73
4-Sep-16	11.73	11.88	11.96	11.6	51.04	-0.0233	11.85
5-Sep-16	11.85	11.73	11.92	11.65	35.55	0.0102	11.73
6-Sep-16	11.73	11.85	11.92	11.45	83.93	-0.0101	11.64
7-Sep-16	11.64	11.73	11.82	11.6	24.16	-0.0077	11.45
8-Sep-16	11.45	11.64	11.96	11.26	74.77	-0.0163	11.68
9-Sep-16	11.68	11.45	11.9	11.4	201.86	0.0201	12.13
10-Sep-16	12.13	11.72	12.18	11.58	89.5	0.0385	11.68
11-Sep-16	11.68	12.13	12.3	11.6	137.76	-0.0371	12
12-Sep-16	12	11.8	12.05	11.67	61.67	0.0274	12.01
13-Sep-16	12.01	12	12.55	11.86	529.7	0.0008	11.94
14-Sep-16	11.94	12.01	12.33	11.91	137.28	-0.0058	12.01
15-Sep-16	12.01	11.94	12.41	11.91	275.08	0.0059	12.68
16-Sep-16	12.68	12	12.82	11.99	194.02	0.0558	12.8
17-Sep-16	12.8	12.6	12.87	12.51	37.37	0.0095	12.32
18-Sep-16	12.32	12.73	13.1	12.26	351.07	-0.0375	12.9
19-Sep-16	12.9	12.49	13.1	12.48	99.47	0.0471	14.45
20-Sep-16	14.45	13.15	15.4	13.08	311.67	0.1202	13.74
21-Sep-16	13.74	14.3	14.35	13.16	205.5	-0.0491	13.17
22-Sep-16	13.17	13.65	13.7	12.47	270.59	-0.0415	13.36
23-Sep-16	13.36	13.3	13.5	13.1	25.35	0.0144	12.86
24-Sep-16	12.86	13.39	13.47	12.71	77.54	-0.0374	13.05
25-Sep-16	13.05	12.86	13.2	12.77	39.82	0.0148	12.9
26-Sep-16	12.9	13.14	13.14	12.81	59.6	-0.0115	13.08
27-Sep-16	13.08	12.9	13.27	12.85	72.7	0.014	13.25
28-Sep-16	13.25	13.08	13.49	13.04	60.21	0.013	13.1
29-Sep-16	13.1	13.25	13.33	13.07	53.46	-0.0113	13.3
30-Sep-16	13.3	13.1	13.43	13.05	45.49	0.0153	13.18
1-Oct-16	13.18	13.25	13.31	13.05	46.9	-0.009	13.16
2-Oct-16	13.16	13.18	13.33	13	51.87	-0.0015	13.44
3-Oct-16	13.44	13.22	13.5	13.17	25.57	0.0213	13.33
4-Oct-16	13.33	13.44	13.5	13.22	67.87	-0.0082	13.11
5-Oct-16	13.11	13.33	13.39	13.08	62.14	-0.0165	12.84
6-Oct-16	12.84	13.11	13.15	12.62	63.15	-0.0206	12.69
7-Oct-16	12.69	12.84	13	12.56	75.19	-0.0117	12.26
8-Oct-16	12.26	12.73	12.76	12	131.49	-0.0339	12.01
9-Oct-16	12.01	12.26	12.56	11.99	166.94	-0.0204	11.73
10-Oct-16	11.73	12.03	12.09	11.6	298.65	-0.0233	11.78
11-Oct-16	11.78	11.76	12.33	11.76	123.36	0.0043	11.72
12-Oct-16	11.72	11.84	12.06	11.68	132.18	-0.0051	12.07
13-Oct-16	12.07	11.72	12.12	11.72	61.29	0.0299	11.93
14-Oct-16	11.93	12.07	12.1	11.9	23.54	-0.0116	12.01
15-Oct-16	12.01	11.96	12.05	11.83	40.42	0.0067	11.98
16-Oct-16	11.98	12.01	12.06	11.92	20.47	-0.0025	12
17-Oct-16	12	11.98	12.03	11.81	90.21	0.0017	12.54
18-Oct-16	12.54	12	12.91	11.98	238.07	0.045	11.99
19-Oct-16	11.99	12.54	12.62	11.95	130.47	-0.0439	12.09
20-Oct-16	12.09	11.99	12.32	11.99	86.2	0.0083	12.16
21-Oct-16	12.16	12.1	12.2	12.09	17.73	0.0058	12.29
22-Oct-16	12.29	12.16	12.37	12.08	20.75	0.0107	12.07
23-Oct-16	12.07	12.25	12.26	11.99	32.34	-0.0179	11.99
24-Oct-16	11.99	12.07	12.23	11.98	48.14	-0.0066	11.36
25-Oct-16	11.36	11.99	12	11.12	112.86	-0.0525	11.5
26-Oct-16	11.5	11.36	11.72	11.36	67.67	0.0123	11.57
27-Oct-16	11.57	11.5	11.66	11.23	110.49	0.0061	11.15
28-Oct-16	11.15	11.57	11.7	10.85	191.96	-0.0363	10.38
29-Oct-16	10.38	11.15	11.26	9.5	288.19	-0.0691	11.28
30-Oct-16	11.28	10.38	11.53	10.31	88.77	0.0867	10.96
31-Oct-16	10.96	11.28	11.5	10.88	134.67	-0.0284	10.81
1-Nov-16	10.81	10.96	11.21	10.41	129.67	-0.0137	10.86
2-Nov-16	10.86	10.81	11.25	10.76	91.37	0.0046	10.86
3-Nov-16	10.86	10.94	11.18	10.81	106.82	0	11.21
4-Nov-16	11.21	10.86	11.24	10.85	49.91	0.0322	11.17
5-Nov-16	11.17	11.23	11.24	10.99	18.15	-0.0036	10.91
6-Nov-16	10.91	11.15	11.27	10.91	10.86	-0.0233	10.88
7-Nov-16	10.88	10.91	11.1	10.85	83.63	-0.0027	10.92
8-Nov-16	10.92	10.88	11.21	10.79	63.48	0.0037	10.72
9-Nov-16	10.72	10.92	10.92	10.2	80.2	-0.0183	10.54
10-Nov-16	10.54	10.66	10.69	10.52	7.61	-0.0168	10.27
11-Nov-16	10.27	10.54	10.58	10.26	17.38	-0.0256	10.01
12-Nov-16	10.01	10.27	10.32	9.7	64.35	-0.0253	10.08
13-Nov-16	10.08	10.01	10.37	9.68	31.68	0.007	10
14-Nov-16	10	10.08	10.19	9.96	17.17	-0.0079	10.27
15-Nov-16	10.27	10	10.41	9.72	52.59	0.027	10.02
16-Nov-16	10.02	10.19	10.5	9.93	116.69	-0.0243	9.99
17-Nov-16	9.99	10.02	10.27	9.9	103.19	-0.003	9.52
18-Nov-16	9.52	9.96	10.03	9.46	57.23	-0.047	9.73
19-Nov-16	9.73	9.54	9.86	9.48	62.93	0.0221	9.57
20-Nov-16	9.57	9.68	9.76	9.49	29.01	-0.0164	9.61
21-Nov-16	9.61	9.54	9.68	9.51	8.65	0.0042	9.84
22-Nov-16	9.84	9.61	10.26	9.54	102.99	0.0239	9.69
23-Nov-16	9.69	9.89	9.92	9.68	27.92	-0.0152	9.2
24-Nov-16	9.2	9.69	9.85	8.7	118.31	-0.0506	9.38
25-Nov-16	9.38	9.17	9.69	9.17	60.92	0.0196	9.33
26-Nov-16	9.33	9.38	9.53	9.22	14.11	-0.0053	8.88
27-Nov-16	8.88	9.33	9.33	8.7	62.34	-0.0482	8.7
28-Nov-16	8.7	8.97	9.02	8.65	41.96	-0.0203	8.16
29-Nov-16	8.16	8.7	8.74	7.74	188.4	-0.0621	8.62
30-Nov-16	8.62	8.16	8.76	8.11	124.27	0.0564	8.46
1-Dec-16	8.46	8.61	8.61	8.36	95.25	-0.0186	7.7
2-Dec-16	7.7	8.43	8.43	7.1	490.14	-0.0898	7.91
3-Dec-16	7.91	7.76	8.1	7.64	195.76	0.0273	7.55
4-Dec-16	7.55	7.85	7.91	7.42	34.39	-0.0455	6.7
5-Dec-16	6.7	7.4	7.57	6.5	256	-0.1126	7.71
6-Dec-16	7.71	6.68	7.88	5.86	607.54	0.1507	8.33
7-Dec-16	8.33	7.6	8.7	7.27	161.04	0.0804	8.3
8-Dec-16	8.3	8.35	8.84	8.24	170.04	-0.0036	8.52
9-Dec-16	8.52	8.1	8.65	8.02	54.71	0.0265	8.12
10-Dec-16	8.12	8.42	8.55	7.94	35.85	-0.0469	8.19
11-Dec-16	8.19	8.14	8.25	8	22.61	0.0086	8.45
12-Dec-16	8.45	8.19	8.63	8.09	81.63	0.0317	8.36
13-Dec-16	8.36	8.49	8.49	8.3	21.6	-0.0107	8.21
14-Dec-16	8.21	8.44	8.49	8.2	14.71	-0.0179	7.83
15-Dec-16	7.83	8.16	8.23	7.71	145.04	-0.0463	7.86
16-Dec-16	7.86	7.86	7.96	7.77	56.48	0.0038	7.73
17-Dec-16	7.73	7.86	7.9	7.47	147.34	-0.0165	7.93
18-Dec-16	7.93	7.88	7.94	7.74	21.5	0.0259	7.58
19-Dec-16	7.58	7.93	7.93	7.58	26.01	-0.0441	7.61
20-Dec-16	7.61	7.63	7.75	7.55	55.33	0.004	7.89
21-Dec-16	7.89	7.68	7.96	7.64	52.44	0.0368	7.61
22-Dec-16	7.61	7.84	7.84	7.46	118.35	-0.0355	7.16
23-Dec-16	7.16	7.55	7.68	7.11	139.04	-0.0591	7.25
24-Dec-16	7.25	7.11	7.35	7.11	56.77	0.0126	7.23
25-Dec-16	7.23	7.25	7.32	7.17	16.44	-0.0028	7.27
26-Dec-16	7.27	7.11	7.35	7.05	78.87	0.0055	7.12
27-Dec-16	7.12	7.27	7.33	7.08	40.8	-0.0206	7.58
28-Dec-16	7.58	7.2	7.76	7.1	177.26	0.0646	8.27
29-Dec-16	8.27	7.62	8.6	7.62	291.6	0.091	8.16
30-Dec-16	8.16	8.27	8.5	8.05	56.74	-0.0133	8
31-Dec-16	8	8.17	8.35	8	200.24	-0.0196	8.2
1-Jan-17	8.2	8.17	8.59	8.03	144.92	0.025	8.37
2-Jan-17	8.37	8.19	8.5	8.11	101.27	0.0207	9.74
3-Jan-17	9.74	8.43	9.9	8.3	603.42	0.1637	11
4-Jan-17	11	9.57	11.1	9.44	556.25	0.1294	10.15
5-Jan-17	10.15	11.16	11.7	9.2	490.64	-0.0773	10.08
6-Jan-17	10.08	10.23	10.4	9.47	144.69	-0.0069	9.84
7-Jan-17	9.84	10.09	10.19	9.48	107.33	-0.0238	10.28
8-Jan-17	10.28	9.8	10.48	9.8	116.55	0.0447	10.26
9-Jan-17	10.26	10.43	10.84	9.5	165.98	-0.0019	10.61
10-Jan-17	10.61	10.43	10.75	10.2	96.97	0.0341	9.79
11-Jan-17	9.79	10.61	10.7	9.41	159.09	-0.0773	9.83
12-Jan-17	9.83	9.48	10.04	9.08	120.95	0.0041	9.67
13-Jan-17	9.67	9.83	9.83	9.39	39.76	-0.0163	9.67
14-Jan-17	9.67	9.72	9.87	9.51	17.44	0	9.81
15-Jan-17	9.81	9.67	9.83	9.6	16.89	0.0145	9.61
16-Jan-17	9.61	9.72	9.78	9.55	16.03	-0.0204	10.12
17-Jan-17	10.12	9.54	10.6	9.53	237.84	0.0531	10.19
18-Jan-17	10.19	10.3	10.49	9.74	99.39	0.0069	10.38
19-Jan-17	10.38	10.31	10.51	10.15	50.64	0.0186	10.62
20-Jan-17	10.62	10.38	10.75	10.3	63.55	0.0231	10.95
21-Jan-17	10.95	10.64	11.09	10.56	125.31	0.0311	10.64
22-Jan-17	10.64	10.91	10.98	10.34	140.66	-0.0283	10.77
23-Jan-17	10.77	10.64	10.83	10.59	54.39	0.0122	10.5
24-Jan-17	10.5	10.58	10.75	10.46	105.21	-0.0251	10.48
25-Jan-17	10.48	10.52	10.58	10.35	26.19	-0.0019	10.63
26-Jan-17	10.63	10.49	10.63	10.43	84.72	0.0143	10.5
27-Jan-17	10.5	10.52	10.58	10.36	61.25	-0.0122	10.51
28-Jan-17	10.51	10.5	10.54	10.35	102.56	0.001	10.46
29-Jan-17	10.46	10.49	10.51	10.38	38.28	-0.0048	10.53
30-Jan-17	10.53	10.44	10.69	10.38	107	0.0067	10.71
31-Jan-17	10.71	10.5	10.74	10.38	250.34	0.0171	10.71
1-Feb-17	10.71	10.71	10.77	10.41	113.79	0	10.8
2-Feb-17	10.8	10.71	10.84	10.53	149.42	0.0084	10.93
3-Feb-17	10.93	10.78	10.93	10.55	102.56	0.012	11.32
4-Feb-17	11.32	11	11.4	11	158.07	0.0357	11.18
5-Feb-17	11.18	11.32	11.37	11.05	48.07	-0.0124	11.32
6-Feb-17	11.32	11.18	11.33	11.12	69.66	0.0125	11.41
7-Feb-17	11.41	11.31	11.5	11.25	116.31	0.008	11.35
8-Feb-17	11.35	11.45	11.6	11	78.89	-0.0053	10.9
9-Feb-17	10.9	11.35	11.51	10.41	205.68	-0.0396	11.3
10-Feb-17	11.3	10.95	11.39	10.75	141.08	0.0367	11.33
11-Feb-17	11.33	11.27	11.38	11.13	73.26	0.0027	11.26
12-Feb-17	11.26	11.33	11.4	11.22	35.22	-0.0062	11.35
13-Feb-17	11.35	11.33	11.37	11.05	59.34	0.008	12.96
14-Feb-17	12.96	11.32	13.4	11.32	613.95	0.1419	12.92
15-Feb-17	12.92	13.02	13.15	12.59	302.77	-0.0031	12.92
16-Feb-17	12.92	12.92	12.99	12.57	116.46	0	12.76
17-Feb-17	12.76	12.92	12.92	12.6	86.68	-0.0124	12.79
18-Feb-17	12.79	12.76	12.9	12.7	67.3	0.0024	12.8
19-Feb-17	12.8	12.79	12.94	12.7	54.51	0.0008	12.4
20-Feb-17	12.4	12.8	12.91	12.4	91.26	-0.0313	12.82
21-Feb-17	12.82	12.4	12.89	12.25	174.1	0.0339	12.68
22-Feb-17	12.68	12.82	12.85	12.6	47.57	-0.0109	13.27
23-Feb-17	13.27	12.68	13.37	12.6	168.68	0.0465	13.11
24-Feb-17	13.11	13.27	13.31	12.7	145.36	-0.0121	13.55
25-Feb-17	13.55	13.11	13.8	13.05	223.07	0.0336	14.57
26-Feb-17	14.57	13.55	14.66	13.3	284.67	0.0753	15.5
27-Feb-17	15.5	14.57	15.75	14.3	469.29	0.0638	15.86
28-Feb-17	15.86	15.5	16.23	15.18	616.6	0.0232	17.43
1-Mar-17	17.43	15.86	17.49	15.62	343.43	0.099	19.02
2-Mar-17	19.02	17.43	19.45	16.3	903.09	0.0912	19.49
3-Mar-17	19.49	19.02	20.73	18.43	981	0.0247	18.5
4-Mar-17	18.5	19.49	20	18.4	331.95	-0.0508	19.35
5-Mar-17	19.35	18.5	19.45	18.15	226.39	0.0459	19.51
6-Mar-17	19.51	19.35	20.23	19.14	316.91	0.0083	18.88
7-Mar-17	18.88	19.51	19.67	18.5	228.66	-0.0323	16.51
8-Mar-17	16.51	18.88	18.88	16.51	562.05	-0.1255	17.75
9-Mar-17	17.75	16.51	18	16.25	281.6	0.0751	19.18
10-Mar-17	19.18	17.75	19.7	16.5	824.86	0.0806	21.3
11-Mar-17	21.3	19.18	21.45	18.83	661.77	0.1105	23.2
12-Mar-17	23.2	21.3	23.23	21.05	786.85	0.0892	28.4
13-Mar-17	28.4	23.2	30.6	23.2	1.78	0.2241	28.66
14-Mar-17	28.66	28.4	29.93	27	701.89	0.0092	34.8
15-Mar-17	34.8	28.66	34.8	28.36	1.36	0.2142	45.07
16-Mar-17	45.07	34.8	46.21	34.8	3.06	0.2951	44.65
17-Mar-17	44.65	45.07	51.88	32.84	3.39	-0.0093	34.2
18-Mar-17	34.2	44.65	44.99	31.1	2.12	-0.234	43.17
19-Mar-17	43.17	34.2	45.69	34.1	1.69	0.2623	42.06
20-Mar-17	42.06	43.17	45.13	39.47	875	-0.0257	42.45
21-Mar-17	42.45	42.06	43.7	41.15	462.96	0.0093	41.46
22-Mar-17	41.46	42.45	42.95	38.51	488.53	-0.0233	43.14
23-Mar-17	43.14	41.46	44.75	40.22	523.65	0.0405	54.01
24-Mar-17	54.01	43.14	58.99	42.5	1.64	0.252	50.75
25-Mar-17	50.75	54.01	54.9	47.46	1.15	-0.0604	50.46
26-Mar-17	50.46	50.75	51.8	46.55	461.99	-0.0057	48.93
27-Mar-17	48.93	50.46	52.01	47.67	389.87	-0.0303	50.16
28-Mar-17	50.16	48.93	50.6	47.95	453.92	0.0251	52.88
29-Mar-17	52.88	50.16	54.3	49.4	685.32	0.0542	51.62
30-Mar-17	51.62	52.88	53.28	50.75	373.98	-0.0238	49.72
31-Mar-17	49.72	51.62	51.83	46.82	784.7	-0.0368	50.59
1-Apr-17	50.59	49.72	51.87	48.7	386.43	0.0175	48.6
2-Apr-17	48.6	50.59	51.59	47.7	784.6	-0.0393	44.28
3-Apr-17	44.28	48.6	48.6	42.77	1.17	-0.0889	44.41
4-Apr-17	44.41	44.28	45.69	41.05	762.88	0.0029	45.35
5-Apr-17	45.35	44.41	47.53	44.19	564.4	0.0212	43.11
6-Apr-17	43.11	45.35	46.03	41.25	649.41	-0.0494	42.25
7-Apr-17	42.25	43.11	44.53	41.78	277.52	-0.0199	44.51
8-Apr-17	44.51	42.25	45.76	42.25	363.84	0.0535	43.94
9-Apr-17	43.94	44.51	44.86	43.18	177.31	-0.0128	44.17
10-Apr-17	44.17	43.94	44.76	43.01	218.12	0.0052	44.21
11-Apr-17	44.21	44.17	44.8	43.8	113.37	0.0009	46.85
12-Apr-17	46.85	44.21	48.47	43.84	537.21	0.0597	50.65
13-Apr-17	50.65	46.85	51.51	46.85	520.86	0.0811	48.5
14-Apr-17	48.5	50.65	50.65	47.34	394.47	-0.0424	49.71
15-Apr-17	49.71	48.5	50.48	47.95	332.29	0.0249	49.58
16-Apr-17	49.58	49.71	49.9	48.87	64.04	-0.0026	49.52
17-Apr-17	49.52	49.58	50.27	48.88	170.64	-0.0012	52.42
18-Apr-17	52.42	49.52	53	49.07	643.62	0.0586	49.66
19-Apr-17	49.66	52.42	53	45	460.6	-0.0527	51.96
20-Apr-17	51.96	49.66	52.45	48.6	347.61	0.0463	51.37
21-Apr-17	51.37	51.96	52.27	51.1	156.43	-0.0114	52.15
22-Apr-17	52.15	51.37	52.78	51.03	125.32	0.0152	53.33
23-Apr-17	53.33	52.15	54.44	51.75	186.86	0.0226	53.54
24-Apr-17	53.54	53.33	54.48	53	202.96	0.0039	53.9
25-Apr-17	53.9	53.54	54.21	53.25	97.44	0.0067	57.31
26-Apr-17	57.31	53.9	58.38	53.66	530.34	0.0633	68
27-Apr-17	68	57.31	68	56.92	526.52	0.1865	76
28-Apr-17	76	68	77.4	66	959.41	0.1176	73.55
29-Apr-17	73.55	76	77.6	71.2	474.76	-0.0322	83.51
30-Apr-17	83.51	73.55	84	72.6	492.64	0.1354	81.4
1-May-17	81.4	83.51	88.1	66	1.26	-0.0253	82.01
2-May-17	82.01	81.4	85.18	79.49	361.7	0.0075	85.79
3-May-17	85.79	82.01	86.62	81	357.12	0.0461	99.2
4-May-17	99.2	85.79	99.78	84.61	822.13	0.1563	91.5
5-May-17	91.5	99.2	101.7	88.2	718.17	-0.0776	96.65
6-May-17	96.65	91.5	96.84	90.53	243.52	0.0563	94.21
7-May-17	94.21	96.65	98	90.89	219.19	-0.0252	88.97
8-May-17	88.97	94.21	95.48	88.11	349.34	-0.0556	88.94
9-May-17	88.94	88.97	91.1	77.76	703.65	-0.0003	88.33
10-May-17	88.33	88.94	92.46	86.6	195.51	-0.0069	89.38
11-May-17	89.38	88.33	91.5	87.35	210.47	0.0119	86.99
12-May-17	86.99	89.38	92	83.85	283.23	-0.0267	89.9
13-May-17	89.9	86.99	89.99	84.5	106.01	0.0335	90.37
14-May-17	90.37	89.9	91.92	88.11	173.21	0.0052	92.56
15-May-17	92.56	90.37	95.17	90.37	403.46	0.0242	88.17
16-May-17	88.17	92.56	93.48	85.43	193.41	-0.0474	89.67
17-May-17	89.67	88.17	90.93	83.77	174.84	0.017	98.6
18-May-17	98.6	89.67	98.89	89.42	437.25	0.0996	124.4
19-May-17	124.4	98.6	129.25	98.31	900.72	0.2617	123.03
20-May-17	123.03	124.4	128.95	119.54	429.97	-0.011	146.14
21-May-17	146.14	123.03	146.4	122.32	769.98	0.1878	154.92
22-May-17	154.92	146.14	190	136.8	1.65	0.0601	168.24
23-May-17	168.24	154.92	174.3	148.6	507.16	0.086	183.88
24-May-17	183.88	168.24	197.41	166.33	645.09	0.093	168.71
25-May-17	168.71	183.88	206.06	155	862.96	-0.0825	152.8
26-May-17	152.8	168.71	187	143.64	649.59	-0.0943	149.99
27-May-17	149.99	152.8	161	110.42	1.26	-0.0184	161.91
28-May-17	161.91	149.99	172.79	149.66	643.59	0.0795	189.99
29-May-17	189.99	161.91	191.3	155.01	472.38	0.1734	224.69
30-May-17	224.69	189.99	229.98	182	757.87	0.1826	218.34
31-May-17	218.34	224.69	230.55	200.9	584.48	-0.0283	211.4
1-Jun-17	211.4	218.34	227.32	196	453.56	-0.0318	214.77
2-Jun-17	214.77	211.4	219.21	208.23	152.45	0.0159	217.01
3-Jun-17	217.01	214.77	217.99	210.01	96.06	0.0104	241.06
4-Jun-17	241.06	217.01	245.98	216.1	375.99	0.1108	242.16
5-Jun-17	242.16	241.06	244.29	231.72	202.57	0.0046	261.89
6-Jun-17	261.89	242.16	264.99	238.23	412.07	0.0815	250.7
7-Jun-17	250.7	261.89	263.7	241.01	253.51	-0.0427	256.95
8-Jun-17	256.95	250.7	258.93	242.04	147.19	0.0249	278.41
9-Jun-17	278.41	256.95	279.9	256.95	271.54	0.0835	325.88
10-Jun-17	325.88	278.41	341.94	278.26	564.75	0.1705	336.33
11-Jun-17	336.33	325.88	347	310	503.72	0.0321	386.9
12-Jun-17	386.9	336.33	412.21	297	1.17	0.1504	382.7
13-Jun-17	382.7	386.9	395	345.61	442.31	-0.0109	335.95
14-Jun-17	335.95	382.7	385.73	315	593.56	-0.1222	338.7
15-Jun-17	338.7	335.95	344	265	1.15	0.0082	348.44
16-Jun-17	348.44	338.7	355.51	305.22	347.87	0.0288	364.56
17-Jun-17	364.56	348.44	366.08	332	219.77	0.0463	348.88
18-Jun-17	348.88	364.56	377.46	336.89	283.22	-0.043	355.5
19-Jun-17	355.5	348.88	362.5	344.13	174.45	0.019	344.15
20-Jun-17	344.15	355.5	366.52	328	342.67	-0.0319	321.66
21-Jun-17	321.66	344.15	348.5	287.11	642.8	-0.0653	320.94
22-Jun-17	320.94	321.66	328.99	305	351.82	-0.0022	324.37
23-Jun-17	324.37	320.94	329.9	316.36	105.6	0.0107	296.89
24-Jun-17	296.89	324.37	327.55	291.53	195.47	-0.0847	277
25-Jun-17	277	296.89	306.39	253.2	508.55	-0.067	251.3
26-Jun-17	251.3	277	286.85	214.99	1.36	-0.0928	279
27-Jun-17	279	251.3	279	204.11	1.09	0.1102	311.62
28-Jun-17	311.62	279	318.27	255	910.35	0.1169	285.3
29-Jun-17	285.3	311.62	318.27	276	620.08	-0.0845	275.62
30-Jun-17	275.62	285.3	301.9	267.35	386.78	-0.0339	255
1-Jul-17	255	275.62	277.63	238	716.32	-0.0748	277.64
2-Jul-17	277.64	255	285.91	242.81	488.52	0.0888	273.99
3-Jul-17	273.99	277.64	283.98	266.45	336.35	-0.0131	266.68
4-Jul-17	266.68	273.99	283	260	425	-0.0267	264.77
5-Jul-17	264.77	266.68	272.12	249.53	436.76	-0.0072	265.35
6-Jul-17	265.35	264.77	273	258.37	240.42	0.0022	238.38
7-Jul-17	238.38	265.35	265.8	233.84	496.51	-0.1016	245.23
8-Jul-17	245.23	238.38	246.66	226.68	365.16	0.0287	234.97
9-Jul-17	234.97	245.23	249	234.15	201.47	-0.0418	202
10-Jul-17	202	234.97	238.01	187.5	1.01	-0.1403	188.63
11-Jul-17	188.63	202	215	169	1.56	-0.0662	223.92
12-Jul-17	223.92	188.63	225	177.78	1.09	0.1871	205
13-Jul-17	205	223.92	224.99	189.46	842.98	-0.0845	196.49
14-Jul-17	196.49	205	207.76	179.58	971.73	-0.0415	170.15
15-Jul-17	170.15	196.49	197.8	169.82	694.52	-0.1341	157.4
16-Jul-17	157.4	170.15	172.7	136.12	2.11	-0.0749	190.16
17-Jul-17	190.16	157.4	190.61	155	1.45	0.2081	226.56
18-Jul-17	226.56	190.16	258	177.5	2.52	0.1914	194.63
19-Jul-17	194.63	226.56	245.61	187	2.33	-0.1409	227.29
20-Jul-17	227.29	194.63	238	194.63	2.11	0.1678	216.11
21-Jul-17	216.11	227.29	239	208	853.87	-0.0492	232.01
22-Jul-17	232.01	216.11	237.19	214.35	556.21	0.0736	228.15
23-Jul-17	228.15	232.01	236.57	219	410.73	-0.0166	226.59
24-Jul-17	226.59	228.15	232.56	223.64	355.76	-0.0068	202.7
25-Jul-17	202.7	226.59	227.69	190.49	1.08	-0.1054	203.33
26-Jul-17	203.33	202.7	209.59	191.76	685.64	0.0031	202.54
27-Jul-17	202.54	203.33	207	197.86	410.96	-0.0039	191.2
28-Jul-17	191.2	202.54	204.19	188.1	493.9	-0.056	206.76
29-Jul-17	206.76	191.2	213	176.95	866.05	0.0814	195.31
30-Jul-17	195.31	206.76	210.76	192.21	522.57	-0.0554	200.81
31-Jul-17	200.81	195.31	201.5	188.12	444.15	0.0282	225.97
1-Aug-17	225.97	200.81	232.59	200.8	1.23	0.1253	218
2-Aug-17	218	225.97	229.7	215	558.15	-0.0353	224.79
3-Aug-17	224.79	218	228.2	217.07	336.65	0.0311	220.73
4-Aug-17	220.73	224.79	228.3	218.66	292.12	-0.0181	253.87
5-Aug-17	253.87	220.73	259.9	219.23	822.05	0.1501	264.29
6-Aug-17	264.29	253.87	271.5	251	734.52	0.041	269.51
7-Aug-17	269.51	264.29	274.6	257.32	511.6	0.0198	295.83
8-Aug-17	295.83	269.51	299.5	265	726.47	0.0977	293.99
9-Aug-17	293.99	295.83	316	277	1.4	-0.0062	295.97
10-Aug-17	295.97	293.99	310.05	287.6	543.93	0.0067	308.81
11-Aug-17	308.81	295.97	310.42	294	455.52	0.0434	307.22
12-Aug-17	307.22	308.81	319.78	299	561.91	-0.0051	296.64
13-Aug-17	296.64	307.22	308	285.21	582.97	-0.0344	298.22
14-Aug-17	298.22	296.64	306.48	293.99	371.28	0.0053	286
15-Aug-17	286	298.22	299.91	272.29	629.18	-0.041	301.34
16-Aug-17	301.34	286	304	279.94	526.52	0.0536	299
17-Aug-17	299	301.34	312	297.01	465.8	-0.0078	292
18-Aug-17	292	299	307	286	578.06	-0.0234	292.78
19-Aug-17	292.78	292	298.51	280	554.28	0.0027	298.37
20-Aug-17	298.37	292.78	299	286.96	304.35	0.0191	322.24
21-Aug-17	322.24	298.37	346.99	294.53	1.15	0.08	312.54
22-Aug-17	312.54	322.24	329.96	285.01	857.28	-0.0301	316.5
23-Aug-17	316.5	312.54	325	311.65	402.8	0.0127	325.62
24-Aug-17	325.62	316.5	329.56	314.14	326.98	0.0288	328.7
25-Aug-17	328.7	325.62	338.25	324.04	378.01	0.0095	332.72
26-Aug-17	332.72	328.7	334.6	324.5	315.62	0.0122	348.01
27-Aug-17	348.01	332.72	348.01	331.88	362.05	0.046	347.09
28-Aug-17	347.09	348.01	352	332.74	389.24	-0.0026	372
29-Aug-17	372	347.09	375.98	346.42	631.68	0.0718	382.78
30-Aug-17	382.78	372	390.1	365.1	660.23	0.029	387.3
31-Aug-17	387.3	382.78	390	380.1	345.07	0.0118	390.35
1-Sep-17	390.35	387.3	395.03	383.6	461.31	0.0079	345
2-Sep-17	345	390.35	390.77	325.1	1.08	-0.1162	350.63
3-Sep-17	350.63	345	368.4	328.33	742.59	0.0163	295.81
4-Sep-17	295.81	350.63	351.59	275	1.99	-0.1563	316.18
5-Sep-17	316.18	295.81	323.17	267.64	1.34	0.0689	337.36
6-Sep-17	337.36	316.18	339.5	314.81	805.38	0.067	334.1
7-Sep-17	334.1	337.36	338.66	321.1	582.98	-0.0097	304
8-Sep-17	304	334.1	334.58	291	1.08	-0.0901	303.08
9-Sep-17	303.08	304	307.08	291.46	594.28	-0.003	297.9
10-Sep-17	297.9	303.08	305	276.11	891.44	-0.0171	297.19
11-Sep-17	297.19	297.9	308	287.33	609.03	-0.0024	293.9
12-Sep-17	293.9	297.19	316.73	283	915.33	-0.0111	275.48
13-Sep-17	275.48	293.9	294.16	256	1.57	-0.0627	222.5
14-Sep-17	222.5	275.48	281.01	221.71	2.25	-0.1923	258.68
15-Sep-17	258.68	222.5	269	198	3.34	0.1626	253
16-Sep-17	253	258.68	270	242.2	1.08	-0.022	257
17-Sep-17	257	253	263.69	239	685.7	0.0158	296.81
18-Sep-17	296.81	257	299.89	257	1.33	0.1549	282.63
19-Sep-17	282.63	296.81	299	275	941.08	-0.0478	283.5
20-Sep-17	283.5	282.63	294	277	512.32	0.0031	256.67
21-Sep-17	256.67	283.5	287.53	251.52	1.03	-0.0946	262.19
22-Sep-17	262.19	256.67	269.5	253.03	643.2	0.0215	285.9
23-Sep-17	285.9	262.19	287.2	259.01	570.42	0.0904	282
24-Sep-17	282	285.9	294.54	275.41	687.97	-0.0136	295.2
25-Sep-17	295.2	282	297.93	281.8	652.31	0.0468	289.28
26-Sep-17	289.28	295.2	296.38	285.2	366.53	-0.0201	309.75
27-Sep-17	309.75	289.28	315.51	286.93	748.36	0.0708	302.63
28-Sep-17	302.63	309.75	310.69	297.75	491.02	-0.023	292.66
29-Sep-17	292.66	302.63	303.9	280.5	966.41	-0.0329	303.44
30-Sep-17	303.44	292.66	307.76	292.3	459.21	0.0368	304.26
1-Oct-17	304.26	303.44	305.57	295	385.33	0.0027	296.82
2-Oct-17	296.82	304.26	304.63	292.1	468.96	-0.0245	291.69
3-Oct-17	291.69	296.82	300.5	285.93	452.02	-0.0173	291.4
4-Oct-17	291.4	291.69	296	287.56	394.45	-0.001	295.12
5-Oct-17	295.12	291.4	297.92	285.12	317.81	0.0128	308.43
6-Oct-17	308.43	295.12	309.59	293.04	373.26	0.0451	311.46
7-Oct-17	311.46	308.43	315	304.5	409.62	0.0098	309.82
8-Oct-17	309.82	311.46	314.39	307.55	363.24	-0.0053	297.4
9-Oct-17	297.4	309.82	311.16	287.03	630.8	-0.0401	299.32
10-Oct-17	299.32	297.4	307	292.57	366.24	0.0065	303.2
11-Oct-17	303.2	299.32	306.55	296.6	407.08	0.013	303.06
12-Oct-17	303.06	303.2	310.01	302.1	649.86	-0.0005	337.46
13-Oct-17	337.46	303.06	350	298	1.34	0.1135	339.24
14-Oct-17	339.24	337.46	348	334.05	528.58	0.0053	337.23
15-Oct-17	337.23	339.24	344.89	315	875.27	-0.0059	334.46
16-Oct-17	334.46	337.23	355	330.85	945.25	-0.0082	315.65
17-Oct-17	315.65	334.46	334.8	308	671.49	-0.0562	313.45
18-Oct-17	313.45	315.65	316.21	287.46	885.21	-0.007	306.97
19-Oct-17	306.97	313.45	316.5	304	413.13	-0.0207	302.61
20-Oct-17	302.61	306.97	313.01	301.04	415.81	-0.0142	299.23
21-Oct-17	299.23	302.61	303	289.31	368.61	-0.0112	293.55
22-Oct-17	293.55	299.23	305.62	289.4	334.09	-0.019	284.85
23-Oct-17	284.85	293.55	293.96	273.5	597.47	-0.0296	296.3
24-Oct-17	296.3	284.85	311.85	280.02	758.33	0.0402	295.46
25-Oct-17	295.46	296.3	300	288.5	329.33	-0.0028	295.1
26-Oct-17	295.1	295.46	299	290.55	207.77	-0.0012	295.99
27-Oct-17	295.99	295.1	299.5	291.6	239.63	0.003	293.49
28-Oct-17	293.49	295.99	297.01	288.6	245.78	-0.0084	304.39
29-Oct-17	304.39	293.49	312.49	290.5	583.18	0.0371	307
30-Oct-17	307	304.39	314.4	303.93	301.72	0.0086	303.69
31-Oct-17	303.69	307	312	303.1	285.81	-0.0108	288.6
1-Nov-17	288.6	303.69	305.11	287.04	538.44	-0.0497	284.89
2-Nov-17	284.89	288.6	293.01	275.21	910.76	-0.0129	303.47
3-Nov-17	303.47	284.89	307.36	284	760.96	0.0652	299.48
4-Nov-17	299.48	303.47	304.38	293	463.88	-0.0131	295.63
5-Nov-17	295.63	299.48	301	292.28	345.21	-0.0129	296.9
6-Nov-17	296.9	295.63	310	292	557.78	0.0043	291.42
7-Nov-17	291.42	296.9	304.2	285.01	757.8	-0.0185	307.5
8-Nov-17	307.5	291.42	318.9	290.11	1.17	0.0552	319.52
9-Nov-17	319.52	307.5	328.8	305	881.18	0.0391	296.18
10-Nov-17	296.18	319.52	324.03	286	1.16	-0.073	313.07
11-Nov-17	313.07	296.18	319.88	294.7	604.7	0.057	303.9
12-Nov-17	303.9	313.07	316.99	293.33	879.41	-0.0293	313.22
13-Nov-17	313.22	303.9	318	302.4	696.37	0.0307	334.28
14-Nov-17	334.28	313.22	336.69	313.22	854.09	0.0672	330.59
15-Nov-17	330.59	334.28	339.61	321.5	584.66	-0.011	330.76
16-Nov-17	330.76	330.59	335.11	321.18	521.94	0.0005	331
17-Nov-17	331	331.16	335.01	325	530.71	0.0007	346.68
18-Nov-17	346.68	331	350.4	325.32	518.81	0.0474	354.7
19-Nov-17	354.7	346.68	371	343.28	618.02	0.0231	367.94
20-Nov-17	367.94	354.7	373.7	352.03	519.57	0.0373	360
21-Nov-17	360	367.94	373.5	350	696.99	-0.0216	380.48
22-Nov-17	380.48	360	381.89	358.8	486.17	0.0569	405.19
23-Nov-17	405.19	380.48	426.27	374.34	925	0.0649	470.51
24-Nov-17	470.51	405.19	478.5	397.37	903.7	0.1612	464
25-Nov-17	464	469.89	481.99	454.4	589.72	-0.0138	464
26-Nov-17	464	464	464	464	0	0	473.44
27-Nov-17	473.44	464	491.89	458.25	671.2	0.0203	465.56
28-Nov-17	465.56	473.44	479	457.2	538.34	-0.0166	420.34
29-Nov-17	420.34	465.56	517	403.01	801.26	-0.0971	432.21
30-Nov-17	432.21	420.34	454.95	385.4	785.98	0.0282	460.67
1-Dec-17	460.67	432.21	467	413.96	594.1	0.0658	455.51
2-Dec-17	455.51	460.67	472	447	473.67	-0.0112	459.49
3-Dec-17	459.49	455.51	482.69	431.04	482.91	0.0087	465
4-Dec-17	465	459.49	471.06	439.27	431.18	0.012	451.87
5-Dec-17	451.87	465	467.38	444.17	656.34	-0.0282	413.71
6-Dec-17	413.71	451.87	454.23	403	1.29	-0.0844	415.02
7-Dec-17	415.02	413.71	429	390	1.13	0.0032	442.19
8-Dec-17	442.19	415.02	453.61	400.34	1.12	0.0655	460.92
9-Dec-17	460.92	442.19	487.8	441	1.13	0.0424	429.24
10-Dec-17	429.24	460.92	460.92	413.3	875.79	-0.0687	515.25
11-Dec-17	515.25	429.24	531.2	429.14	784.74	0.2004	634.87
12-Dec-17	634.87	515.25	646.92	497.75	1.49	0.2322	690.69
13-Dec-17	690.69	634.87	742	573	2.4	0.0879	686.51
14-Dec-17	686.51	690.69	760	651	1.73	-0.0061	678.29
15-Dec-17	678.29	686.51	698.31	610	1.26	-0.012	683.25
16-Dec-17	683.25	678.29	711.96	672.51	703.29	0.0073	708.78
17-Dec-17	708.78	683.25	725	683.24	737.16	0.0374	783.99
18-Dec-17	783.99	708.78	798.9	660	1.47	0.1061	799.98
19-Dec-17	799.98	783.99	863	750.01	1.81	0.0204	794.99
20-Dec-17	794.99	799.98	826.2	709	1.48	-0.0062	786.97
21-Dec-17	786.97	794.99	848.08	747.1	1.2	-0.0101	628.19
22-Dec-17	628.19	786.97	792	492.01	2.73	-0.2018	672.59
23-Dec-17	672.59	628.19	717	616.19	842.43	0.0707	659.89
24-Dec-17	659.89	672.59	675	560	1.09	-0.0189	709.81
25-Dec-17	709.81	659.89	737	651.76	764.73	0.0756	749.8
26-Dec-17	749.8	709.81	749.8	708.83	521.74	0.0563	736.45
27-Dec-17	736.45	749.8	766.06	703.27	587.33	-0.0178	711.42
28-Dec-17	711.42	736.45	740.3	652	893.82	-0.034	731.52
29-Dec-17	731.52	711.42	755	703.02	716.87	0.0283	682.22
30-Dec-17	682.22	731.52	737.56	640.43	936.94	-0.0674	736.77
31-Dec-17	736.77	682.22	741.99	675.56	536.84	0.08	752.46
1-Jan-18	752.46	736.77	762	717.94	425.46	0.0213	858.78
2-Jan-18	858.78	752.46	890	752.46	1.47	0.1413	942.01
3-Jan-18	942.01	858.78	954.73	840	1.09	0.0969	940
4-Jan-18	940	942.01	997	893.24	1.22	-0.0021	962.77
5-Jan-18	962.77	939.3	1023.6	930	1.04	0.0242	1004.3
6-Jan-18	1004.3	962.77	1014.2	951.38	447.26	0.0431	1115.8
7-Jan-18	1115.8	1004.3	1116	999.5	699.39	0.111	1129.3
8-Jan-18	1129.3	1115.9	1225	968.12	1.54	0.0121	1283.7
9-Jan-18	1283.7	1129.4	1299	1119.1	1.04	0.1367	1248
10-Jan-18	1248	1285.7	1381.9	1203.2	1.33	-0.0278	1135.5
11-Jan-18	1135.5	1245.9	1331.8	1102.5	1.26	-0.0901	1257.2
12-Jan-18	1257.2	1135.1	1285	1083.4	732.33	0.1072	1380
13-Jan-18	1380	1257	1423.2	1252.6	709.74	0.0977	1350
14-Jan-18	1350	1379.9	1385	1256	618.61	-0.0217	1273.4
15-Jan-18	1273.4	1349.9	1377.9	1264.4	481.87	-0.0567	1020.1
16-Jan-18	1020.1	1275.8	1278.8	868.98	2.35	-0.1989	1017.5
17-Jan-18	1017.5	1019.6	1088.3	770.1	2.4	-0.0025	994.81
18-Jan-18	994.81	1020.1	1079	940	1.31	-0.0223	1032.6
19-Jan-18	1032.6	993.92	1079	960.1	612.19	0.038	1146
20-Jan-18	1146	1032.6	1160	1029.6	573.52	0.1098	1047
21-Jan-18	1047	1146.3	1146.3	1001.5	691.69	-0.0864	995.08
22-Jan-18	995.08	1047	1084.1	912.76	835.88	-0.0496	982.98
23-Jan-18	982.98	995.26	1022	905.38	798.28	-0.0122	1063.2
24-Jan-18	1063.2	982.11	1068.8	952.04	606.14	0.0816	1048.2
25-Jan-18	1048.2	1061.8	1102.4	1025.1	567.3	-0.0141	1047
26-Jan-18	1047	1048.2	1078.6	983	485.47	-0.0011	1114.8
27-Jan-18	1114.8	1046.9	1125.3	1031.6	370.17	0.0648	1246.6
28-Jan-18	1246.6	1114.7	1264.8	1109	662.74	0.1182	1175
29-Jan-18	1175	1245.5	1259.8	1155.9	488.44	-0.0574	1071.9
30-Jan-18	1071.9	1174.36	1178.92	1042.9	1.42	-0.0877	1118.08
31-Jan-18	1118.08	1072.17	1126.87	1028.03	990.74	0.0431	1033.55
1-Feb-18	1033.55	1118.15	1157.09	970.42	1.76	-0.0756	920.85
2-Feb-18	920.85	1033.02	1036.17	766.82	3.03	-0.109	971.49
3-Feb-18	971.49	920.93	997.51	850.38	1.07	0.055	829.43
4-Feb-18	829.43	971.49	972.66	788.79	1.34	-0.1462	696.86
5-Feb-18	696.86	828.49	859.72	634.64	2.99	-0.1598	783.83
6-Feb-18	783.83	696.75	797.94	568.78	4.29	0.1248	753.18
7-Feb-18	753.18	782.72	852.98	719.34	1.98	-0.0391	805.4
8-Feb-18	805.4	752.75	831.02	751.76	1.25	0.0693	877.85
9-Feb-18	877.85	805.15	879.51	781.97	923.81	0.09	851.39
10-Feb-18	851.39	877.88	908.26	816.72	1.05	-0.0301	810.45
11-Feb-18	810.45	851.44	854.1	778.9	988.45	-0.0481	865.62
12-Feb-18	865.62	811.01	875.52	810.99	837.42	0.0681	841.38
13-Feb-18	841.38	865.72	868.92	822.98	733.53	-0.028	919.67
14-Feb-18	919.67	841.38	922.38	840.82	993.86	0.093	927.56
15-Feb-18	927.56	919.53	945.99	902.56	952.23	0.0086	937.5
16-Feb-18	937.5	927.34	945.68	907.33	662.76	0.0107	971.54
17-Feb-18	971.54	937.35	972.86	934.49	648.32	0.0363	913.1
18-Feb-18	913.1	971.57	980.27	903.28	869.06	-0.0602	940.08
19-Feb-18	940.08	913.09	954.94	910.29	552.22	0.0295	884.51
20-Feb-18	884.51	940.04	959.41	877.65	788.97	-0.0591	839.1
21-Feb-18	839.1	884.94	906.43	818.48	1.01	-0.0513	803.66
22-Feb-18	803.66	838.97	878.14	789.92	849.82	-0.0422	856.65
23-Feb-18	856.65	803.56	882.61	787.95	868.36	0.0659	834.36
24-Feb-18	834.36	854.99	874.49	810.91	669.62	-0.026	840.88
25-Feb-18	840.88	834.1	849.36	818.46	507.82	0.0078	866.99
26-Feb-18	866.99	841.28	879.18	835.34	619.75	0.0311	871.44
27-Feb-18	871.44	867.06	894.78	861.4	569.3	0.0051	852.49
28-Feb-18	852.49	871.58	888.06	850.84	550.74	-0.0217	870.04
1-Mar-18	870.04	852.44	879.53	848.41	514.5	0.0206	856.09
2-Mar-18	856.09	870.51	875.69	850.47	463.75	-0.016	855.91
3-Mar-18	855.91	855.46	868.51	853.45	407.54	-0.0002	865.53
4-Mar-18	865.53	855.91	867.35	838.06	444.49	0.0112	850.24
5-Mar-18	850.24	865.53	870.27	850.24	466.38	-0.0177	814.88
6-Mar-18	814.88	850	851.72	803.9	578.56	-0.0416	749.98
7-Mar-18	749.98	814.56	824.83	724.98	945.38	-0.0796	698.96
8-Mar-18	698.96	750.09	772.23	689.41	850.15	-0.068	725.89
9-Mar-18	725.89	698.91	728.83	644.46	1.13	0.0385	682.52
10-Mar-18	682.52	725.7	746.13	678.46	673.8	-0.0597	720.12
11-Mar-18	720.12	682.77	733.33	664.53	690.94	0.0551	697.04
12-Mar-18	697.04	720.12	739.25	678.27	664.59	-0.032	689.57
13-Mar-18	689.57	697.06	713.8	680.01	558.73	-0.0107	612.09
14-Mar-18	612.09	689.67	702.53	587.1	990.48	-0.1124	610.13
15-Mar-18	610.13	612.08	620.01	572.69	991.89	-0.0032	600.79
16-Mar-18	600.79	610.36	625.34	585.84	695.58	-0.0153	550.27
17-Mar-18	550.27	600.48	609.48	544.51	777.54	-0.0841	536.72
18-Mar-18	536.72	549.96	559.19	454.9	2.56	-0.0246	556.16
19-Mar-18	556.16	536.72	558.33	516.31	1.46	0.0362	557.08
20-Mar-18	557.08	555.75	566.63	517.02	1.16	0.0017	560.24
21-Mar-18	560.24	557.09	589.83	545.87	1.01	0.0057	539.87
22-Mar-18	539.87	559.9	577.63	517.81	887.95	-0.0363	543.42
23-Mar-18	543.42	539.9	543.51	508.36	871.89	0.0066	520.45
24-Mar-18	520.45	543.15	545.15	520.05	554.62	-0.0423	523.5
25-Mar-18	523.5	520.44	535.11	513.05	495.85	0.0059	485.98
26-Mar-18	485.98	523.46	526.22	467.46	1.15	-0.0717	448.48
27-Mar-18	448.48	485.97	491.77	446.7	1.31	-0.0772	446.84
28-Mar-18	446.84	448.73	465.09	440.84	918.12	-0.0037	384.12
29-Mar-18	384.12	446.86	449.33	380.85	2.01	-0.1403	393.79
30-Mar-18	393.79	384.13	411.17	366.12	1.96	0.0252	393.96
31-Mar-18	393.96	393.75	419.07	390.09	1.21	0.0004	378.75
1-Apr-18	378.75	394.1	399.46	359.49	1.24	-0.0386	385.07
2-Apr-18	385.07	378.85	393.94	375.67	824.81	0.0167	415.55
3-Apr-18	415.55	385.02	418.78	380.89	1.06	0.0792	378.68
4-Apr-18	378.68	415.58	416.38	371.35	1.12	-0.0887	381.52
5-Apr-18	381.52	378.62	386.91	367.21	903.27	0.0075	369.97
6-Apr-18	369.97	381.69	385.7	363.83	700.8	-0.0303	384.87
7-Apr-18	384.87	369.97	394.66	369.41	600.4	0.0403	400.71
8-Apr-18	400.71	384.85	403.71	384.85	569.26	0.0412	399.05
9-Apr-18	399.05	400.67	430.85	388.05	1.3	-0.0041	415.45
10-Apr-18	415.45	399.04	417.84	391.81	709.22	0.0411	430.14
11-Apr-18	430.14	415.43	433.25	412.35	827.17	0.0354	494.03
12-Apr-18	494.03	430.13	498.13	414.07	1.86	0.1485	493.48
13-Apr-18	493.48	494.25	528.71	482.19	1.67	-0.0011	502.52
14-Apr-18	502.52	494.36	514.14	486.89	924.64	0.0183	533.9
15-Apr-18	533.9	502.52	534.18	502.52	988.29	0.0624	511.82
16-Apr-18	511.82	533.89	537.32	498.87	1.03	-0.0414	503.19
17-Apr-18	503.19	511.75	520.86	501.73	826.71	-0.0169	525.66
18-Apr-18	525.66	503.24	526.41	502.02	759.15	0.0447	567.49
19-Apr-18	567.49	525.74	570.15	522.15	1.04	0.0796	617.04
20-Apr-18	617.04	567.7	620.58	558.27	1.42	0.0873	605.59
21-Apr-18	605.59	617.1	623.86	574.73	1.23	-0.0186	622.23
22-Apr-18	622.23	605.58	643.58	591.78	1.02	0.0275	644.13
23-Apr-18	644.13	622.01	648.58	619.81	859.64	0.0352	703.02
24-Apr-18	703.02	644.08	711.74	644.05	1.48	0.0914	617.36
25-Apr-18	617.36	702.94	703.25	594.98	2.72	-0.1218	662.36
26-Apr-18	662.36	617.37	665.2	600.69	1.37	0.0729	643.97
27-Apr-18	643.97	661.65	685.54	641.84	1.06	-0.0278	683.49
28-Apr-18	683.49	643.96	693.79	640.92	871.55	0.0614	689.9
29-Apr-18	689.9	683.49	700.05	669.15	856.12	0.0094	670.07
30-Apr-18	670.07	689.83	693.85	664.03	913.86	-0.0287	671.26
1-May-18	671.26	670.12	674.36	630.33	1.03	0.0018	688.15
2-May-18	688.15	671.31	690.97	664.29	873.98	0.0252	778.95
3-May-18	778.95	688.23	788.61	686.79	1.55	0.1319	785.2
4-May-18	785.2	778.97	806.9	760.1	1.24	0.008	818.33
5-May-18	818.33	785.29	830.03	782.18	1	0.0422	793.19
6-May-18	793.19	818.75	838.26	755.09	1.16	-0.0307	754.03
7-May-18	754.03	793.29	797.3	700.4	2.12	-0.0494	748.48
8-May-18	748.48	759.35	761.43	721.49	1.14	-0.0074	751.62
9-May-18	751.62	747.98	759.71	711.49	1.07	0.0042	724.4
10-May-18	724.4	751.98	768.24	723.39	983.14	-0.0362	676.21
11-May-18	676.21	724.36	736.58	665.81	1.63	-0.0665	683.94
12-May-18	683.94	676.97	689.83	635.23	1.34	0.0114	729.37
13-May-18	729.37	684.77	739.67	669.2	1.01	0.0664	727.06
14-May-18	727.06	729.41	741.52	687.16	1.39	-0.0032	705.73
15-May-18	705.73	727.06	738.71	696.63	1.03	-0.0293	706.53
16-May-18	706.53	705.73	710.49	667.51	978.18	0.0011	668.97
17-May-18	668.97	706.53	718.5	663.91	953.69	-0.0532	693.28
18-May-18	693.28	668.98	694.24	658.25	906.93	0.0363	696.76
19-May-18	696.76	693.28	716.51	683.38	732.31	0.005	716.02
20-May-18	716.02	696.73	722.92	688.7	702.63	0.0277	696.85
21-May-18	696.85	716.02	718.06	694.07	590.69	-0.0268	642.17
22-May-18	642.17	696.84	698.48	639.2	928.09	-0.0785	577.55
23-May-18	577.55	642.02	649.85	564.74	1.78	-0.1006	602.43
24-May-18	602.43	577.52	609.39	547.39	1.56	0.0431	585.39
25-May-18	585.39	602.4	616.48	569.77	1.08	-0.0283	586.76
26-May-18	586.76	585.39	606.26	579.36	651.25	0.0024	570.69
27-May-18	570.69	586.63	591.48	558.44	892.94	-0.0274	512.29
28-May-18	512.29	570.67	575	507.72	1.5	-0.1023	566.81
29-May-18	566.81	512.32	572.71	511.94	1.38	0.1064	557.98
30-May-18	557.98	566.86	584.9	543.16	1.06	-0.0156	577.87
31-May-18	577.87	557.96	586.15	554.96	922.24	0.0356	579.3
1-Jun-18	579.3	577.87	589.55	565.69	861.91	0.0025	591.3
2-Jun-18	591.3	579.34	598.78	574.8	808.42	0.0207	619.08
3-Jun-18	619.08	591.33	627.51	590.81	764.93	0.047	591.44
4-Jun-18	591.44	619.09	624.81	580.71	809.8	-0.0446	608.83
5-Jun-18	608.83	591.44	613	577.53	829.99	0.0294	606.39
6-Jun-18	606.39	608.83	611.63	593.98	700.74	-0.004	604.71
7-Jun-18	604.71	606.39	616.52	600.29	843.32	-0.0028	599.67
8-Jun-18	599.67	604.71	608.32	593.74	622.54	-0.0083	593.8
9-Jun-18	593.8	599.67	608.65	592.54	534.16	-0.0098	524.64
10-Jun-18	524.64	593.8	593.82	503.43	1.49	-0.1165	531.42
11-Jun-18	531.42	524.64	535.63	510.29	1.21	0.0129	494.48
12-Jun-18	494.48	531.4	538.16	484.99	1.24	-0.0695	476.17
13-Jun-18	476.17	494.6	501.64	450.67	1.56	-0.037	519.49
14-Jun-18	519.49	476.17	525.21	461.62	1.7	0.091	487.88
15-Jun-18	487.88	519.49	520.73	483.99	1.25	-0.0609	496.93
16-Jun-18	496.93	487.88	502.47	484.89	749.09	0.0186	496.43
17-Jun-18	496.43	496.95	507.19	494.73	604.79	-0.001	517.91
18-Jun-18	517.91	496.47	523.95	489.16	842.05	0.0433	538.22
19-Jun-18	538.22	517.91	547.5	514.88	985.96	0.0392	536.31
20-Jun-18	536.31	538.22	541.08	517.42	873.14	-0.0036	526.01
21-Jun-18	526.01	536.31	544.71	522.47	774.03	-0.0192	462.57
22-Jun-18	462.57	525.97	526.26	450.72	1.74	-0.1206	474.14
23-Jun-18	474.14	462.58	482.42	456.46	1.22	0.025	454.81
24-Jun-18	454.81	474.14	475.74	419.56	2.64	-0.0408	458.76
25-Jun-18	458.76	454.81	472.54	437.08	4.41	0.0087	430.33
26-Jun-18	430.33	458.76	459.96	429.87	5.31	-0.062	442.16
27-Jun-18	442.16	430.32	445.38	423.01	2.02	0.0275	421.27
28-Jun-18	421.27	442.16	443.32	418.62	1.66	-0.0473	435.37
29-Jun-18	435.37	421.23	441.29	406.12	1.78	0.0335	452.67
30-Jun-18	452.67	434.92	457.49	433.46	1.82	0.0397	452.57
1-Jul-18	452.57	452.72	456.02	445.06	1.67	-0.0002	475.7
2-Jul-18	475.7	452.57	479.94	442.29	1.91	0.0511	461.89
3-Jul-18	461.89	475.73	483.93	460.63	1.72	-0.029	467.52
4-Jul-18	467.52	461.9	480.69	453.94	1.28	0.0122	468.47
5-Jul-18	468.47	467.58	478.59	459.68	1.74	0.002	469.9
6-Jul-18	469.9	468.47	474.58	455.05	1.75	0.003	485.4
7-Jul-18	485.4	469.91	486.18	464.29	1.62	0.033	486.45
8-Jul-18	486.45	485.4	494.03	482.24	2.16	0.0022	471.52
9-Jul-18	471.52	486.41	488.1	469.93	1.2	-0.0307	432.67
10-Jul-18	432.67	471.77	473.36	429.39	1.62	-0.0824	445.99
11-Jul-18	445.99	432.67	447.62	425.6	1.05	0.0308	430.84
12-Jul-18	430.84	445.96	446.27	418.71	1.55	-0.034	432.85
13-Jul-18	432.85	430.86	442.02	425.77	1.24	0.0047	434.09
14-Jul-18	434.09	432.88	439.94	429.89	932.65	0.0029	450.81
15-Jul-18	450.81	434.09	455.68	432.59	916.02	0.0385	479.79
16-Jul-18	479.79	450.87	480.84	446.14	1.42	0.0643	499.87
17-Jul-18	499.87	479.68	511.54	467.33	1.7	0.0418	480
18-Jul-18	480	499.86	515.2	470.91	1.52	-0.0397	469.47
19-Jul-18	469.47	480	484	463.94	1.21	-0.0219	449.38
20-Jul-18	449.38	469.48	469.74	441.74	1.52	-0.0428	461.52
21-Jul-18	461.52	449.44	468.95	443.04	972.66	0.027	459.02
22-Jul-18	459.02	461.51	472.88	456.35	918.81	-0.0054	450.56
23-Jul-18	450.56	459.02	470.37	448.14	1.32	-0.0184	479.88
24-Jul-18	479.88	450.58	484.3	449.44	1.59	0.0651	472.03
25-Jul-18	472.03	479.78	484.97	464.75	1.38	-0.0164	462.75
26-Jul-18	462.75	472.03	484.59	460.61	1.11	-0.0197	470.23
27-Jul-18	470.23	462.79	473.58	457.36	1.17	0.0162	468.78
28-Jul-18	468.78	470.24	471.47	461.55	1.07	-0.0031	466.41
29-Jul-18	466.41	468.89	471.78	462.04	1.04	-0.0051	456.64
30-Jul-18	456.64	466.41	468.6	447.06	1.38	-0.0209	431.5
31-Jul-18	431.5	456.65	457.33	427.81	1.52	-0.0551	420.3
1-Aug-18	420.3	431.88	434.43	407.96	1.64	-0.026	411
2-Aug-18	411	420.33	424.51	408.21	1.32	-0.0221	417.58
3-Aug-18	417.58	411	419.74	398.1	1.43	0.016	407.09
4-Aug-18	407.09	417.58	419.7	402.52	1.14	-0.0251	408.85
5-Aug-18	408.85	407.11	412.51	401.22	1.02	0.0043	405.4
6-Aug-18	405.4	408.81	413.4	401.66	1.02	-0.0084	378.25
7-Aug-18	378.25	405.38	410.57	370.06	1.63	-0.067	355.44
8-Aug-18	355.44	378.29	380.15	348.98	2.05	-0.0603	363.34
9-Aug-18	363.34	355.48	369.74	351.07	1.42	0.0222	331.81
10-Aug-18	331.81	363.33	365.36	326.67	1.74	-0.0868	317.59
11-Aug-18	317.59	331.78	332.52	305.19	2.16	-0.0429	318.18
12-Aug-18	318.18	317.63	327.51	314.71	1.52	0.0019	284.01
13-Aug-18	284.01	318.2	321.22	281.17	2.33	-0.1074	278.19
14-Aug-18	278.19	284	284	250.84	5.96	-0.0205	281.12
15-Aug-18	281.12	278.3	303.85	277.91	5.17	0.0106	286.76
16-Aug-18	286.76	281.12	298.19	278.6	4.08	0.0201	316.9
17-Aug-18	316.9	286.76	316.9	285.78	4.75	0.1051	293.89
18-Aug-18	293.89	316.91	320.81	282.76	4.31	-0.0726	299.33
19-Aug-18	299.33	293.9	306.3	289.5	3.54	0.0185	271.08
20-Aug-18	271.08	299.33	303.74	270.17	3.88	-0.0944	280.9
21-Aug-18	280.9	271.9	282.77	270.26	2.97	0.0362	269.84
22-Aug-18	269.84	280.9	298.2	266.4	5.03	-0.0394	276.12
23-Aug-18	276.12	269.84	279.19	268.94	3.94	0.0233	281.29
24-Aug-18	281.29	276.12	282.71	270.91	4.9	0.0187	277.61
25-Aug-18	277.61	281.29	282.74	276.53	4.05	-0.0131	274.46
26-Aug-18	274.46	277.61	281.34	269.75	4.14	-0.0114	286.57
27-Aug-18	286.57	274.46	286.57	271.9	4.89	0.0441	295.62
28-Aug-18	295.62	286.57	297.86	282.57	4.71	0.0316	288.42
29-Aug-18	288.42	295.61	297.11	284.45	4.84	-0.0244	283.97
30-Aug-18	283.97	288.41	290.91	272.85	4.99	-0.0154	281.94
31-Aug-18	281.94	283.97	284.85	277.13	4.66	-0.0072	295.31
1-Sep-18	295.31	281.94	301.92	281.76	4.53	0.0474	295.05
2-Sep-18	295.05	295.32	299.38	289.45	5.85	-0.0009	288.92
3-Sep-18	288.92	295.05	296.76	285.95	5.35	-0.0208	285.17
4-Sep-18	285.17	288.98	292.6	283.4	5.02	-0.0129	228.77
5-Sep-18	228.77	285.17	288.01	227.76	6.21	-0.1978	229.6
6-Sep-18	229.6	228.76	232.66	212.9	5.81	0.0037	215.6
7-Sep-18	215.6	229.58	234.49	214.84	4.51	-0.061	196.79
8-Sep-18	196.79	215.51	220.85	191.16	4.47	-0.0872	195.8
9-Sep-18	195.8	196.69	208.23	187.26	5.47	-0.005	197.04
10-Sep-18	197.04	195.81	203.64	187.35	4.38	0.0063	185.07
11-Sep-18	185.07	197.05	200.42	177.29	5.15	-0.0608	182.98
12-Sep-18	182.98	185.07	186.57	169.08	5.83	-0.0113	211
13-Sep-18	211	183.11	214.57	183.11	7.46	0.1531	209.98
14-Sep-18	209.98	210.98	224.6	203.16	7.71	-0.0048	221.94
15-Sep-18	221.94	209.88	259.37	209.06	5.53	0.057	220.2
16-Sep-18	220.2	221.94	223.14	208.61	4.64	-0.0079	196.24
17-Sep-18	196.24	220.2	224.48	192.87	7.49	-0.1088	209.03
18-Sep-18	209.03	196.17	213.93	195.24	5.32	0.0652	209.74
19-Sep-18	209.74	209.02	214.91	199.19	5.68	0.0034	224.42
20-Sep-18	224.42	209.74	225.48	207.78	4.47	0.07	247.92
21-Sep-18	247.92	224.43	250.74	222.05	6.76	0.1047	240.82
22-Sep-18	240.82	247.92	254.36	233.46	5.16	-0.0286	244.67
23-Sep-18	244.67	240.82	249.02	238.14	4.03	0.016	228.01
24-Sep-18	228.01	244.67	246.87	225.73	4.54	-0.0681	219.04
25-Sep-18	219.04	228.02	228.59	204.84	5.78	-0.0393	214.35
26-Sep-18	214.35	219.14	222.41	208.91	6.37	-0.0214	229.15
27-Sep-18	229.15	214.46	232.6	211.31	7.37	0.0691	221.77
28-Sep-18	221.77	229.18	234.14	215.39	7.34	-0.0322	231.87
29-Sep-18	231.87	221.95	237.45	215.15	8.9	0.0455	232.8
30-Sep-18	232.8	231.9	238.64	227.01	8.74	0.004	231.77
1-Oct-18	231.77	232.8	235.95	225.33	8.31	-0.0044	225.84
2-Oct-18	225.84	231.77	232.97	223.75	8.17	-0.0256	220.51
3-Oct-18	220.51	225.84	227.15	216.44	8.47	-0.0236	222.57
4-Oct-18	222.57	220.48	227.14	219.75	7.83	0.0093	228.34
5-Oct-18	228.34	222.33	231.88	220	7.63	0.0259	225.18
6-Oct-18	225.18	228.34	228.69	223.01	8.2	-0.0138	226.11
7-Oct-18	226.11	225.19	227.44	222	1.47	0.0041	229.84
8-Oct-18	229.84	226.11	231.66	224.79	1.3	0.0165	228.25
9-Oct-18	228.25	229.83	232.66	226.81	945.43	-0.0069	226.3
10-Oct-18	226.3	228.28	231.32	224.74	1.07	-0.0085	190.89
11-Oct-18	190.89	226.33	226.36	188.65	3.5	-0.1565	196.7
12-Oct-18	196.7	190.89	202.9	190.89	1.69	0.0304	201.22
13-Oct-18	201.22	196.67	206.13	196.41	976.3	0.023	197.08
14-Oct-18	197.08	201.22	207.53	195.51	12.89	-0.0206	214.26
15-Oct-18	214.26	197.09	235.83	195.4	41.35	0.0872	215.06
16-Oct-18	215.06	214.27	218.71	211.37	20.24	0.0037	213.46
17-Oct-18	213.46	215.06	216.6	210.1	16.84	-0.0074	206.58
18-Oct-18	206.58	213.16	215.23	203.95	16.21	-0.0322	204.97
19-Oct-18	204.97	206.6	208.74	204.02	26.32	-0.0078	208.04
20-Oct-18	208.04	205.12	209.37	203.65	12.48	0.015	207.37
21-Oct-18	207.37	207.76	211.65	207.04	14.65	-0.0032	206.77
22-Oct-18	206.77	207.38	209.39	205.5	27.13	-0.0029	205.68
23-Oct-18	205.68	207.03	207.95	202.99	19.71	-0.0053	205.12
24-Oct-18	205.12	205.68	207.86	205	18.18	-0.0027	204.11
25-Oct-18	204.11	205.12	206.12	202.99	15.68	-0.0049	204.58
26-Oct-18	204.58	204.08	208.94	203.19	13.99	0.0023	204.36
27-Oct-18	204.36	204.78	206.22	203.06	9.76	-0.0011	204.99
28-Oct-18	204.99	204.36	205.52	203.05	9.11	0.0031	197.05
29-Oct-18	197.05	204.84	205.79	195.03	17.76	-0.0387	197.39
30-Oct-18	197.39	196.83	198.96	195.28	22.41	0.0017	198.59
31-Oct-18	198.59	197.27	201.89	193	19.69	0.0061	198.17
1-Nov-18	198.17	198.59	199.79	197.84	12.55	-0.0021	202.66
2-Nov-18	202.66	198.17	203.75	198.13	7.26	0.0227	200.23
3-Nov-18	200.23	202.67	203.16	199.63	8.62	-0.012	211.86
4-Nov-18	211.86	200.27	218.35	199.38	54.2	0.0581	210.67
5-Nov-18	210.67	211.86	212.42	207.82	77.47	-0.0056	220.22
6-Nov-18	220.22	210.67	221.32	209.15	33.87	0.0454	218.8
7-Nov-18	218.8	220.22	224.64	217.16	15.96	-0.0065	212.87
8-Nov-18	212.87	218.8	220.53	212.79	23.56	-0.0271	211.39
9-Nov-18	211.39	212.87	215.26	209.23	3.47	-0.007	213.21
10-Nov-18	213.21	211.39	215.47	210.61	10.44	0.0086	213.18
11-Nov-18	213.18	213.19	214.22	209.51	48.66	-0.0001	212.79
12-Nov-18	212.79	213.1	214.95	211.54	17.81	-0.0018	210.44
13-Nov-18	210.44	212.79	213.88	209.4	27.77	-0.011	187.46
14-Nov-18	187.46	210.44	210.59	177.34	45.72	-0.1092	184.1
15-Nov-18	184.1	187.51	189.79	171.99	69.51	-0.0179	177.01
16-Nov-18	177.01	184.1	184.88	175.29	43.39	-0.0385	176.53
17-Nov-18	176.53	176.99	177.93	174.94	44.19	-0.0027	178.65
18-Nov-18	178.65	176.53	182.07	176.06	1.59	0.012	150.12
19-Nov-18	150.12	178.76	178.93	146.86	5.23	-0.1597	132.92
20-Nov-18	132.92	150.27	153.55	127.3	7.69	-0.1146	137.72
21-Nov-18	137.72	132.9	140.86	126.84	5.12	0.0361	126.12
22-Nov-18	126.12	137.75	139.74	125.93	2.92	-0.0842	124.64
23-Nov-18	124.64	126.17	128.08	119.76	4.47	-0.0117	114.43
24-Nov-18	114.43	124.63	129.34	111.79	3.81	-0.0819	118.04
25-Nov-18	118.04	114.42	121.1	102.8	6.74	0.0315	110.08
26-Nov-18	110.08	118.03	120.56	106.44	5.09	-0.0675	111.18
27-Nov-18	111.18	110.08	113.67	102.84	5.42	0.01	122.74
28-Nov-18	122.74	111.19	126.6	111.19	5.41	0.104	117.85
29-Nov-18	117.85	122.75	123.77	114.81	4	-0.0399	113.77
30-Nov-18	113.77	117.86	119.8	111.73	4.27	-0.0346	118.23
1-Dec-18	118.23	113.76	120.45	111.62	2.87	0.0391	116.41
2-Dec-18	116.41	118.23	120.71	116.08	2.1	-0.0154	108.66
3-Dec-18	108.66	116.4	127.08	106.79	2.66	-0.0665	110.09
4-Dec-18	110.09	108.66	113.16	106.13	2.48	0.0131	102.33
5-Dec-18	102.33	110.14	110.7	102.24	3.04	-0.0704	90.86
6-Dec-18	90.86	102.36	104.42	90.57	5.06	-0.1121	93.27
7-Dec-18	93.27	90.85	96.99	77.65	7.73	0.0265	90.57
8-Dec-18	90.57	93.28	97.98	84.75	5.68	-0.029	93.62
9-Dec-18	93.62	90.56	98.76	88.82	4.88	0.0337	90.17
10-Dec-18	90.17	93.62	95.3	88.68	4.15	-0.0368	88.32
11-Dec-18	88.32	90.18	91.94	86.25	4.38	-0.0205	89.62
12-Dec-18	89.62	87.72	91.33	87.19	3.46	0.0146	86.31
13-Dec-18	86.31	89.62	90.72	84.83	3.94	-0.0369	83.81
14-Dec-18	83.81	86.31	87	82.28	3.84	-0.029	83.9
15-Dec-18	83.9	83.81	85.07	81.97	3.04	0.0011	84.72
16-Dec-18	84.72	83.9	87.62	83.89	3.61	0.0097	94.37
17-Dec-18	94.37	84.72	96.99	84.61	5.37	0.114	100.66
18-Dec-18	100.66	94.37	101.33	91.96	4.66	0.0666	99.37
19-Dec-18	99.37	100.68	107.89	98.57	5.58	-0.0128	114.61
20-Dec-18	114.61	99.36	116.35	98.63	6.34	0.1535	108.18
21-Dec-18	108.18	114.6	118.67	105.59	5.18	-0.0561	115.84
22-Dec-18	115.84	108.18	115.87	105.97	3.3	0.0707	129.6
23-Dec-18	129.6	115.85	132.46	115.79	6.66	0.1188	139.23
24-Dec-18	139.23	129.6	158.27	129.48	9.39	0.0743	128.39
25-Dec-18	128.39	139.06	139.74	122.14	7.04	-0.0779	130.06
26-Dec-18	130.06	128.39	136.13	123.39	5.11	0.013	114.56
27-Dec-18	114.56	130.06	131.51	112.59	4.83	-0.1192	136.61
28-Dec-18	136.61	114.57	137.22	113.14	5.94	0.1925	133.67
29-Dec-18	133.67	136.59	146.02	130.71	5.92	-0.0215	138.45
30-Dec-18	138.45	133.64	139.76	129.51	4.35	0.0357	131.9
31-Dec-18	131.9	138.45	138.72	129.61	3.23	-0.0473	139.61
1-Jan-19	139.61	131.9	140.51	130.67	3.05	0.0584	152.95
2-Jan-19	152.95	139.58	155.93	138.74	5.51	0.0956	146.94
3-Jan-19	146.94	152.96	154.3	144.39	4.02	-0.0393	152.86
4-Jan-19	152.86	146.94	155.4	145.29	4.92	0.0403	153.49
5-Jan-19	153.49	152.87	159.78	152.84	4.85	0.0041	154.96
6-Jan-19	154.96	153.48	158.29	148.63	4.23	0.0096	149.96
7-Jan-19	149.96	154.96	156.36	148.47	2.88	-0.0323	148.41
8-Jan-19	148.41	149.96	152.21	146.29	3.04	-0.0103	148.79
9-Jan-19	148.79	148.41	152.57	147.95	2.34	0.0026	125.63
10-Jan-19	125.63	148.78	150.09	121.98	6.48	-0.1556	125.15
11-Jan-19	125.15	125.61	127.83	121.28	3.77	-0.0039	123.75
12-Jan-19	123.75	125.15	126.15	122.73	2.21	-0.0111	114.64
13-Jan-19	114.64	123.75	124.09	112.79	2.98	-0.0736	127.53
14-Jan-19	127.53	114.65	130.3	114.62	3.86	0.1124	119.62
15-Jan-19	119.62	127.55	129.6	116.9	4.31	-0.062	121.72
16-Jan-19	121.72	119.59	126.5	119.1	3.83	0.0175	122.03
17-Jan-19	122.03	121.71	123.03	117.51	3.61	0.0025	119.34
18-Jan-19	119.34	122.02	122.19	118.27	2.59	-0.022	123.02
19-Jan-19	123.02	119.34	125.37	119.34	3.36	0.0309	117.52
20-Jan-19	117.52	123	123.52	116.25	3.93	-0.0447	116.05
21-Jan-19	116.05	117.52	118.04	114.15	4.8	-0.0125	118.23
22-Jan-19	118.23	116.05	119.47	112.36	5.11	0.0188	116.84
23-Jan-19	116.84	118.23	119.01	115.52	4.35	-0.0118	116.71
24-Jan-19	116.71	116.84	117.32	114.93	4.38	-0.0011	115.5
25-Jan-19	115.5	116.7	117.41	115.03	4.75	-0.0103	115.83
26-Jan-19	115.83	115.5	117.63	115.37	3.48	0.0029	112.5
27-Jan-19	112.5	115.83	116.24	112.03	4.65	-0.0288	105.82
28-Jan-19	105.82	112.5	113.14	101.6	7.45	-0.0594	104.79
29-Jan-19	104.79	105.82	107.32	102.89	5.41	-0.0098	108.52
30-Jan-19	108.52	104.76	109.67	103.82	5.95	0.0355	106.71
31-Jan-19	106.71	108.51	110.56	105.86	5.11	-0.0166	106.98
1-Feb-19	106.98	106.74	108.54	104.41	4.98	0.0026	110.68
2-Feb-19	110.68	106.99	111.16	106.29	4.23	0.0346	107.62
3-Feb-19	107.62	110.67	111.25	106.36	5.01	-0.0277	107.9
4-Feb-19	107.9	107.63	109.24	106.95	5.02	0.0027	107.37
5-Feb-19	107.37	107.91	108.32	106.6	4.67	-0.005	104.63
6-Feb-19	104.63	107.37	107.67	102.28	6.15	-0.0255	104.55
7-Feb-19	104.55	104.63	106.12	104.29	5.05	-0.0008	119.23
8-Feb-19	119.23	104.55	122.58	103.89	9.19	0.1405	119.44
9-Feb-19	119.44	119.27	121.09	117.96	5.21	0.0017	124.92
10-Feb-19	124.92	119.44	125.46	116.42	6.32	0.0459	121.3
11-Feb-19	121.3	124.94	125.05	119.55	6.13	-0.0289	122.64
12-Feb-19	122.64	121.32	123.99	119.28	5.74	0.011	122.22
13-Feb-19	122.22	122.66	126.17	121.06	6.17	-0.0035	120.97
14-Feb-19	120.97	122.21	124.46	120.44	5.81	-0.0102	121.73
15-Feb-19	121.73	120.97	124	120.87	5.69	0.0063	122.87
16-Feb-19	122.87	121.72	124.5	121.71	5.33	0.0094	133.79
17-Feb-19	133.79	122.88	135.27	122.78	8.67	0.0889	145.8
18-Feb-19	145.8	133.79	147.64	125.07	11.93	0.0898	144.01
19-Feb-19	144.01	145.79	149.84	143.8	9.9	-0.0122	149.11
20-Feb-19	149.11	144.02	149.46	140.88	8.61	0.0354	145.78
21-Feb-19	145.78	149.01	149.55	143.5	7.21	-0.0223	147.97
22-Feb-19	147.97	145.79	148.83	144.27	6.79	0.015	158.3
23-Feb-19	158.3	147.97	159.31	146.28	8.31	0.0699	132.93
24-Feb-19	132.93	158.31	165.79	132.87	14.3	-0.1603	138.27
25-Feb-19	138.27	132.94	141.57	132.85	10.55	0.0402	136.67
26-Feb-19	136.67	138.26	138.66	134.48	11.75	-0.0115	135.2
27-Feb-19	135.2	136.66	159.6	128.15	16.11	-0.0108	135.47
28-Feb-19	135.47	135.2	138.56	133.09	16.08	0.002	135.72
1-Mar-19	135.72	135.47	138.06	128.46	9.73	0.0018	132.76
2-Mar-19	132.76	135.72	136.36	130.74	11.29	-0.0218	131.01
3-Mar-19	131.01	132.77	168.42	129.05	10.64	-0.0132	125.97
4-Mar-19	125.97	131.02	131.57	123.25	14.11	-0.0385	136.82
5-Mar-19	136.82	125.97	141.11	125.44	16.74	0.0861	137.62
6-Mar-19	137.62	136.82	149.49	133.94	14.7	0.0058	136.93
7-Mar-19	136.93	137.62	139.98	135.72	13.29	-0.005	133.85
8-Mar-19	133.85	136.93	139.45	131.66	12.38	-0.0225	137.52
9-Mar-19	137.52	133.84	138.57	133.38	10.79	0.0274	135.72
10-Mar-19	135.72	137.52	137.75	134.53	9.21	-0.0131	132.99
11-Mar-19	132.99	135.72	136.23	131.66	11.17	-0.0201	133.8
12-Mar-19	133.8	132.99	134.93	129.14	13.03	0.0061	131.97
13-Mar-19	131.97	133.81	133.84	131.2	9.59	-0.0137	132.45
14-Mar-19	132.45	131.97	134.82	130.48	9.79	0.0036	136.75
15-Mar-19	136.75	132.44	137.68	132.44	12.55	0.0325	141.15
16-Mar-19	141.15	136.77	143.95	136.75	16.89	0.0321	138.91
17-Mar-19	138.91	141.15	141.17	137.61	9.79	-0.0159	137.92
18-Mar-19	137.92	138.91	141.87	136.86	12.87	-0.0071	138.72
19-Mar-19	138.72	137.92	139.5	137.1	10.84	0.0058	139.31
20-Mar-19	139.31	138.72	139.75	136.56	10.46	0.0042	135.11
21-Mar-19	135.11	139.32	139.74	133.05	12.95	-0.0302	136.42
22-Mar-19	136.42	135.11	137.44	134.65	10.18	0.0097	137.53
23-Mar-19	137.53	136.42	138.3	135.76	9.16	0.0081	136.44
24-Mar-19	136.44	137.53	137.53	135.5	9.66	-0.0079	134.25
25-Mar-19	134.25	136.44	137.05	132.36	11.49	-0.016	134.37
26-Mar-19	134.37	134.25	134.99	132.61	9.47	0.0008	139.65
27-Mar-19	139.65	134.37	140.08	133.89	15.47	0.0393	138.15
28-Mar-19	138.15	139.63	140.33	137.68	9.52	-0.0108	143.38
29-Mar-19	143.38	138.17	143.53	138.13	12.09	0.0379	142.65
30-Mar-19	142.65	143.38	145.85	140.43	12.81	-0.0051	141.79
31-Mar-19	141.79	142.65	142.69	140.71	9.33	-0.006	141.5
1-Apr-19	141.5	141.77	143.28	140.26	11.85	-0.002	163.47
2-Apr-19	163.47	141.5	165.42	141.29	36.03	0.1553	160.34
3-Apr-19	160.34	163.47	177.29	152.24	47.66	-0.0192	157.43
4-Apr-19	157.43	160.34	164.33	153.26	13.55	-0.0181	164.93
5-Apr-19	164.93	157.43	167.34	156.42	10.06	0.0477	165.55
6-Apr-19	165.55	164.93	172.53	160.22	10.37	0.0037	174.33
7-Apr-19	174.33	165.58	175.37	164.17	9.88	0.053	179.16
8-Apr-19	179.16	174.32	185.54	171.87	14.83	0.0277	175.09
9-Apr-19	175.09	179.16	179.24	172.15	10.82	-0.0227	177.37
10-Apr-19	177.37	175.09	183.49	171.61	12.1	0.013	164.36
11-Apr-19	164.36	177.39	177.63	159.6	11.11	-0.0733	163.47
12-Apr-19	163.47	164.37	166.08	158.93	7.12	-0.0054	163.19
13-Apr-19	163.19	163.46	165.27	161.34	5.52	-0.0017	167.29
14-Apr-19	167.29	163.19	168.18	161.52	5.89	0.0251	160.17
15-Apr-19	160.17	167.3	168.63	153.65	7.71	-0.0425	165.65
16-Apr-19	165.65	160.16	166.64	159.52	7.66	0.0342	165.9
17-Apr-19	165.9	165.61	167.21	164.26	7.56	0.0016	173.33
18-Apr-19	173.33	165.91	175.02	165.38	10.16	0.0448	172.79
19-Apr-19	172.79	173.34	173.41	169.15	9.26	-0.0031	172.73
20-Apr-19	172.73	172.79	176.71	170.17	8.19	-0.0004	168.52
21-Apr-19	168.52	172.89	173.42	164.81	8.78	-0.0243	170.87
22-Apr-19	170.87	168.5	172.32	167.07	8.62	0.0139	169.95
23-Apr-19	169.95	170.87	175.92	169.01	10.17	-0.0054	165.22
24-Apr-19	165.22	169.94	170.53	154.87	11.61	-0.0278	155.18
25-Apr-19	155.18	165.23	165.81	151.73	10.78	-0.0607	157.97
26-Apr-19	157.97	155.16	161.82	152.32	11.52	0.018	159.41
27-Apr-19	159.41	157.96	161.95	156.74	8.51	0.0091	158.27
28-Apr-19	158.27	159.43	160.28	157.54	8.28	-0.0071	154.93
29-Apr-19	154.93	158.3	159.16	152.6	10.69	-0.0211	161.8
30-Apr-19	161.8	154.94	162.56	154.94	9.57	0.0444	160.38
1-May-19	160.38	161.84	163.7	158.85	7.74	-0.0088	161.66
2-May-19	161.66	160.35	162.88	159.22	8.13	0.008	167.86
3-May-19	167.86	161.66	169.8	160.86	10.23	0.0383	163.68
4-May-19	163.68	167.87	171.04	160.36	10.23	-0.0249	163.03
5-May-19	163.03	163.67	165.25	159.56	8.54	-0.0039	173
6-May-19	173	163.03	176.98	159.66	12.97	0.0611	169.34
7-May-19	169.34	172.99	181.39	169.06	15.23	-0.0211	170.77
8-May-19	170.77	169.34	172.68	165.7	9.75	0.0084	170.84
9-May-19	170.84	170.76	173.28	167.03	10.03	0.0004	172.77
10-May-19	172.77	170.85	175.78	168.86	12.73	0.0113	192.27
11-May-19	192.27	172.78	204.72	172.75	20.9	0.1128	188.07
12-May-19	188.07	192.17	202.93	182.81	18.52	-0.0218	196.02
13-May-19	196.02	188.09	206.1	185.69	14.8	0.0422	217.42
14-May-19	217.42	196	220.02	195.22	16.8	0.1092	248.15
15-May-19	248.15	217.34	249.78	217.32	18.66	0.1413	264.69
16-May-19	264.69	248.14	278.52	244.27	25.14	0.0666	244.45
17-May-19	244.45	264.68	267.8	224.62	22.54	-0.0765	233.89
18-May-19	233.89	244.38	247.84	232.13	13.93	-0.0432	259.63
19-May-19	259.63	233.87	263.05	232.85	14.38	0.1101	250.72
20-May-19	250.72	259.68	259.68	238.64	12.38	-0.0343	253.76
21-May-19	253.76	250.72	261.59	246.85	10.24	0.0121	244.34
22-May-19	244.34	253.7	259.7	241.68	10.83	-0.0371	244.68
23-May-19	244.68	244.35	247.3	231.89	13.07	0.0014	249.17
24-May-19	249.17	244.68	254.22	241.74	10.07	0.0183	250.68
25-May-19	250.68	249.2	256.9	247.9	8.58	0.0061	264.68
26-May-19	264.68	250.69	268.75	245.92	10.06	0.0559	270.98
27-May-19	270.98	264.66	279.07	262.96	11.58	0.0238	271.18
28-May-19	271.18	270.97	275.39	265.5	9.35	0.0008	268.61
29-May-19	268.61	271.16	273.72	260.85	22.33	-0.0095	254.52
30-May-19	254.52	268.62	287.99	241.51	15.52	-0.0524	267.99
31-May-19	267.99	254.57	268.7	246.61	11.63	0.0529	264.31
1-Jun-19	264.31	267.94	274.94	261.14	9.06	-0.0137	269.01
2-Jun-19	269.01	264.26	272.64	263.59	7.31	0.0178	250.37
3-Jun-19	250.37	269.03	269.77	248.77	9.23	-0.0693	241.26
4-Jun-19	241.26	250.26	251.47	235.35	11.39	-0.0364	245.83
5-Jun-19	245.83	241.27	248.24	237.94	8.64	0.0189	248.54
6-Jun-19	248.54	245.81	250	236.4	7.72	0.011	248.98
7-Jun-19	248.98	248.63	253.12	244.33	7.41	0.0018	243.42
8-Jun-19	243.42	248.98	250.51	241.09	6.23	-0.0223	231.27
9-Jun-19	231.27	243.43	244.36	227	7.8	-0.0499	246.86
10-Jun-19	246.86	231.21	246.99	227.38	8.39	0.0674	244.41
11-Jun-19	244.41	246.85	247.77	237.6	6.92	-0.0099	261.54
12-Jun-19	261.54	244.38	261.67	242.57	7.89	0.0701	254.86
13-Jun-19	254.86	261.38	262.47	254.02	7.3	-0.0255	262.53
14-Jun-19	262.53	254.89	268.81	252.01	6.87	0.0301	267.75
15-Jun-19	267.75	262.53	271.61	260.92	6.52	0.0199	267.98
16-Jun-19	267.98	267.74	282.75	263.96	8.66	0.0009	273
17-Jun-19	273	268	274.14	266.96	7.41	0.0187	264.59
18-Jun-19	264.59	273.02	273.26	261.76	7.39	-0.0308	268.26
19-Jun-19	268.26	264.59	269.79	263.61	6.23	0.0139	271.43
20-Jun-19	271.43	268.26	273.18	264.83	7.04	0.0118	294.72
21-Jun-19	294.72	271.45	295.72	271.45	11.06	0.0858	310.38
22-Jun-19	310.38	294.69	314	292.09	10.69	0.0531	308.53
23-Jun-19	308.53	310.39	320.79	306.12	8.49	-0.0059	311.46
24-Jun-19	311.46	308.51	313.67	297.9	7.1	0.0095	317.65
25-Jun-19	317.65	311.47	318.49	307.75	8.51	0.0199	338.54
26-Jun-19	338.54	317.65	364.89	315.99	15.73	0.0658	297.55
27-Jun-19	297.55	338.54	345.83	279.82	16.13	-0.1211	310.56
28-Jun-19	310.56	297.73	312.7	295.3	9.93	0.0437	318.48
29-Jun-19	318.48	310.52	324.13	295.44	9.03	0.0255	292.21
30-Jun-19	292.21	318.26	323.21	290.78	9.82	-0.0825	294.83
1-Jul-19	294.83	292.23	303	280.35	9.57	0.009	291.41
2-Jul-19	291.41	294.87	297	273.07	10.3	-0.0116	300.58
3-Jul-19	300.58	291.48	301.64	289.39	7.9	0.0314	283.43
4-Jul-19	283.43	300.51	301.56	281.18	7.26	-0.057	287.15
5-Jul-19	287.15	283.36	293.61	281.92	7.8	0.0131	288.08
6-Jul-19	288.08	287.16	296.06	285.61	7.56	0.0032	304.88
7-Jul-19	304.88	288.11	309.42	285.28	8.43	0.0583	312.23
8-Jul-19	312.23	304.87	313.15	301.6	8.5	0.0241	307.41
9-Jul-19	307.41	312.23	317.94	303.38	9.13	-0.0154	289.1
10-Jul-19	289.1	307.44	313.81	281.53	12.44	-0.0596	268.72
11-Jul-19	268.72	289.13	289.14	263.08	11.36	-0.0705	274.68
12-Jul-19	274.68	268.72	278.33	266.81	7.95	0.0222	269.16
13-Jul-19	269.16	274.68	275.04	262.85	7.84	-0.0201	226.62
14-Jul-19	226.62	269.12	269.62	223.95	11.86	-0.158	228.49
15-Jul-19	228.49	226.56	235.43	204.39	14.59	0.0082	198.87
16-Jul-19	198.87	228.49	234.41	193.48	14.52	-0.1296	210.95
17-Jul-19	210.95	198.88	219.13	192.91	13.51	0.0607	225.23
18-Jul-19	225.23	210.95	228.42	206.47	12.65	0.0677	220.09
19-Jul-19	220.09	225.23	225.68	213.57	9.38	-0.0228	227.86
20-Jul-19	227.86	220.11	233.7	219.8	9.12	0.0353	225.01
21-Jul-19	225.01	227.83	228.76	217.72	8.5	-0.0125	217.27
22-Jul-19	217.27	225.03	227.47	212.46	8.6	-0.0344	211.87
23-Jul-19	211.87	217.27	218.03	208.31	8.7	-0.0249	215.44
24-Jul-19	215.44	211.86	217.02	202.3	9.72	0.0169	217.65
25-Jul-19	217.65	215.45	224.05	214.79	8.42	0.0102	217.83
26-Jul-19	217.83	217.65	218.65	212.07	6.96	0.0009	206.62
27-Jul-19	206.62	217.8	222.7	203.5	8.55	-0.0515	210.37
28-Jul-19	210.37	206.64	212.01	199.68	7.54	0.0181	209.82
29-Jul-19	209.82	210.39	214.45	207.37	7.2	-0.0026	208.49
30-Jul-19	208.49	209.81	212.88	204.54	7.15	-0.0063	217.23
31-Jul-19	217.23	208.49	218.19	208.17	7.51	0.0419	216.37
1-Aug-19	216.37	217.23	217.55	211.23	7.09	-0.004	216.54
2-Aug-19	216.54	216.37	220.84	213.93	7.56	0.0008	220.89
3-Aug-19	220.89	216.52	223	215.52	6.99	0.0201	220.72
4-Aug-19	220.72	220.89	222.21	216.31	6.51	-0.0008	232.45
5-Aug-19	232.45	220.76	235	220.75	9.79	0.0531	225.63
6-Aug-19	225.63	232.45	237.47	222.46	9.35	-0.0293	224.66
7-Aug-19	224.66	225.62	229.22	220.62	7.9	-0.0043	220.16
8-Aug-19	220.16	224.68	226.11	215.57	7.54	-0.02	209.49
9-Aug-19	209.49	220.12	220.49	206.4	9.66	-0.0484	205.93
10-Aug-19	205.93	209.46	213.53	202.35	8.7	-0.017	215.83
11-Aug-19	215.83	205.92	216.23	205.64	7.63	0.0481	210.45
12-Aug-19	210.45	215.84	215.97	209.49	7.94	-0.0249	207.68
13-Aug-19	207.68	210.48	211.01	106.01	18.29	-0.0132	186.56
14-Aug-19	186.56	207.68	209.43	183.74	12.46	-0.1017	187.8
15-Aug-19	187.8	186.59	189.3	176.08	14.03	0.0066	184.55
16-Aug-19	184.55	187.67	188.03	179.35	11.33	-0.0173	184.81
17-Aug-19	184.81	184.55	186.12	181.58	8.78	0.0014	193.68
18-Aug-19	193.68	184.83	197.17	182.96	9.11	0.048	201.64
19-Aug-19	201.64	193.67	202.81	192.33	8.14	0.0411	196.14
20-Aug-19	196.14	201.65	201.96	194.55	10.01	-0.0273	187.24
21-Aug-19	187.24	196.15	196.78	181.29	12.98	-0.0454	190.29
22-Aug-19	190.29	187.27	194.42	182.97	9.97	0.0163	193.43
23-Aug-19	193.43	190.29	195.32	175.8	8.56	0.0165	190.15
24-Aug-19	190.15	193.42	193.47	186.13	8.38	-0.017	186.3
25-Aug-19	186.3	190.16	191.49	182.81	7.58	-0.0202	188.34
26-Aug-19	188.34	186.32	193.09	186.02	9.02	0.0109	186.58
27-Aug-19	186.58	188.36	188.61	184.26	7.19	-0.0093	172.85
28-Aug-19	172.85	186.6	187.13	167.57	9.72	-0.0736	168.66
29-Aug-19	168.66	172.85	173.05	164.04	9.55	-0.0243	168.16
30-Aug-19	168.16	168.68	170.27	165.38	7.49	-0.0029	171.62
31-Aug-19	171.62	168.14	174.43	166.16	7.89	0.0206	169.72
1-Sep-19	169.72	171.62	173.22	167.08	7.8	-0.0111	178.11
2-Sep-19	178.11	169.72	180.56	169.45	9.27	0.0494	178.81
3-Sep-19	178.81	178.1	182.59	175.37	9.03	0.0039	174.79
4-Sep-19	174.79	178.82	180.06	173.85	7.55	-0.0225	173.83
5-Sep-19	173.83	174.8	175.56	170.54	7.4	-0.0055	169.15
6-Sep-19	169.15	173.82	177.79	166.16	9.98	-0.027	177.74
7-Sep-19	177.74	169.14	180.63	168.42	9.05	0.0508	181.44
8-Sep-19	181.44	177.76	183.42	177.36	8.34	0.0208	180.65
9-Sep-19	180.65	181.45	184.76	176.25	9.64	-0.0044	180.05
10-Sep-19	180.05	180.64	184.16	177.44	8.27	-0.0033	178.47
11-Sep-19	178.47	180.05	182.27	174.86	10.66	-0.0088	180.87
12-Sep-19	180.87	178.48	182.37	176.85	7.19	0.0135	181.11
13-Sep-19	181.11	180.87	181.53	177.79	7.68	0.0013	188.16
14-Sep-19	188.16	181.06	188.54	180.09	8.63	0.0389	189.1
15-Sep-19	189.1	188.17	190.23	185.92	7.3	0.005	197.32
16-Sep-19	197.32	189.1	198.82	188.68	10.01	0.0435	207.77
17-Sep-19	207.77	197.33	214.45	195.95	11.69	0.0529	210.43
18-Sep-19	210.43	207.8	216.89	207.69	9.78	0.0128	220.21
19-Sep-19	220.21	210.44	223.35	202.95	12.42	0.0465	218
20-Sep-19	218	220.22	221.27	213.12	9.1	-0.01	215.22
21-Sep-19	215.22	218.01	221.17	213.71	8.69	-0.0128	211.13
22-Sep-19	211.13	215.23	215.64	206.71	9.72	-0.019	201.18
23-Sep-19	201.18	211.16	211.76	199.82	9.65	-0.0471	166.29
24-Sep-19	166.29	201.22	202.97	164.78	19.02	-0.1734	168.92
25-Sep-19	168.92	166.29	174.26	162.12	13.88	0.0158	164.56
26-Sep-19	164.56	168.93	169.81	153.17	11.97	-0.0258	173.19
27-Sep-19	173.19	164.58	175.65	161.32	10.94	0.0524	173.62
28-Sep-19	173.62	173.19	175.15	168.56	10.22	0.0025	169.29
29-Sep-19	169.29	173.62	174.43	164.97	9.9	-0.0249	180.35
30-Sep-19	180.35	169.28	180.52	165.59	11.93	0.0653	175.78
1-Oct-19	175.78	180.36	184.95	174.03	11.88	-0.0254	180.27
2-Oct-19	180.27	175.78	180.84	173.97	8.47	0.0256	174.54
3-Oct-19	174.54	180.26	180.57	170.65	8.89	-0.0318	175.65
4-Oct-19	175.65	174.58	178.43	171.33	8.44	0.0064	176.43
5-Oct-19	176.43	175.65	176.63	172.39	7.3	0.0044	170.55
6-Oct-19	170.55	176.44	176.87	168.74	7.97	-0.0333	179.87
7-Oct-19	179.87	170.52	182.03	169.13	10.95	0.0546	180.78
8-Oct-19	180.78	179.81	184.57	177.74	10.26	0.0051	192.64
9-Oct-19	192.64	180.74	195.08	179.39	12.43	0.0656	191.1
10-Oct-19	191.1	192.65	194.08	187.33	10.42	-0.008	180.6
11-Oct-19	180.6	191.11	195.87	179.76	13.31	-0.0549	179.87
12-Oct-19	179.87	180.6	184.49	178.78	9.85	-0.004	181.11
13-Oct-19	181.11	179.86	184.42	178.89	8.22	0.0069	186.63
14-Oct-19	186.63	181.07	186.99	180.65	9.91	0.0305	180.59
15-Oct-19	180.59	186.64	187.67	178.26	11.45	-0.0323	174.53
16-Oct-19	174.53	180.57	181.08	172.49	12.28	-0.0336	177.31
17-Oct-19	177.31	174.52	178.33	172.12	9.45	0.0159	172.81
18-Oct-19	172.81	177.31	177.47	169.28	11.27	-0.0254	171.91
19-Oct-19	171.91	172.79	174.81	170.38	9.89	-0.0052	175.14
20-Oct-19	175.14	171.93	176.17	169.56	10.1	0.0188	174.18
21-Oct-19	174.18	175.14	177.67	171.91	9.24	-0.0055	171.42
22-Oct-19	171.42	174.17	175.08	170.82	9.86	-0.0158	162.28
23-Oct-19	162.28	171.44	171.61	154.42	16	-0.0534	160.73
24-Oct-19	160.73	162.26	163.68	159.4	11.36	-0.0095	181.49
25-Oct-19	181.49	160.73	186.24	160.41	16.19	0.1292	179.62
26-Oct-19	179.62	181.5	192.54	174.35	19.63	-0.0103	184.05
27-Oct-19	184.05	179.61	188.33	176.47	14.54	0.0246	181.67
28-Oct-19	181.67	184.06	188.91	180.7	12.75	-0.0129	190.45
29-Oct-19	190.45	181.67	192.28	181.67	14.03	0.0483	183.25
30-Oct-19	183.25	190.44	191.58	180.58	13.67	-0.0378	182.37
31-Oct-19	182.37	183.25	185.21	178.24	12.94	-0.0048	183.12
1-Nov-19	183.12	182.38	184.28	178.69	10.78	0.0041	183.01
2-Nov-19	183.01	183.12	185.18	181.94	8.71	-0.0006	181.7
3-Nov-19	181.7	183.01	184.51	179.46	10.41	-0.0072	185.85
4-Nov-19	185.85	181.72	188.27	180.69	11.89	0.0229	188.67
5-Nov-19	188.67	185.86	191.45	183.12	11.78	0.0151	191.28
6-Nov-19	191.28	188.66	194.11	188.13	11.72	0.0138	186.94
7-Nov-19	186.94	191.28	192.27	185.48	11.49	-0.0227	184.03
8-Nov-19	184.03	186.95	188.35	181.83	11.71	-0.0156	184.96
9-Nov-19	184.96	184.02	185.73	182.86	8.31	0.005	188.99
10-Nov-19	188.99	184.96	191.28	183.55	10.95	0.0218	185.09
11-Nov-19	185.09	188.98	190.17	184.32	10.26	-0.0206	186.99
12-Nov-19	186.99	185.09	187.44	183.24	9.35	0.0103	188.36
13-Nov-19	188.36	187	189.45	185.7	7.77	0.0073	185.25
14-Nov-19	185.25	188.36	188.91	183.96	9.57	-0.0165	180.19
15-Nov-19	180.19	185.24	186.1	178.29	11.86	-0.0273	182.42
16-Nov-19	182.42	180.19	183.46	179.53	7.62	0.0124	184.18
17-Nov-19	184.18	182.39	185.97	180.49	8.57	0.0097	178.5
18-Nov-19	178.5	184.19	184.33	176.08	9.57	-0.0309	176.09
19-Nov-19	176.09	178.49	178.7	173.48	9.11	-0.0135	174.96
20-Nov-19	174.96	176.09	177.42	173.99	8.39	-0.0064	161.46
21-Nov-19	161.46	174.96	175.91	158.55	13.36	-0.0771	149.8
22-Nov-19	149.8	161.46	163.06	139.13	21.12	-0.0722	152.46
23-Nov-19	152.46	149.79	154.25	146.6	11.84	0.0177	140.66
24-Nov-19	140.66	152.46	153.24	139.79	11.39	-0.0774	145.9
