Date,Price,Open,High,Low,Vol.,Change %,BTC Price,BTC Open,BTC High,BTC Low,BTC Vol.,BTC Change %
1-Jan-17,8.2,8.17,8.59,8.03,144.92,0.025,995.4,963.4,1001.6,956.1,41.15,0.0333
2-Jan-17,8.37,8.19,8.5,8.11,101.27,0.0207,1017,995.4,1031.7,990.2,64.95,0.0217
3-Jan-17,9.74,8.43,9.9,8.3,603.42,0.1637,1033.3,1017,1035.5,1006.5,54.79,0.016
4-Jan-17,11,9.57,11.1,9.44,556.25,0.1294,1135.4,1033.3,1148.5,1022.3,156.27,0.0988
5-Jan-17,10.15,11.16,11.7,9.2,490.64,-0.0773,989.3,1135.4,1150.6,874.5,240.01,-0.1286
6-Jan-17,10.08,10.23,10.4,9.47,144.69,-0.0069,886.2,989.3,1027.4,852.5,194.29,-0.1043
7-Jan-17,9.84,10.09,10.19,9.48,107.33,-0.0238,888.9,886.2,900.9,806.7,130.66,0.0031
8-Jan-17,10.28,9.8,10.48,9.8,116.55,0.0447,900.9,888.9,936.1,875.8,76.91,0.0135
9-Jan-17,10.26,10.43,10.84,9.5,165.98,-0.0019,899.8,900.9,910.5,870.9,62.58,-0.0012
10-Jan-17,10.61,10.43,10.75,10.2,96.97,0.0341,904.4,899.8,911.3,890.1,53.71,0.0051
11-Jan-17,9.79,10.61,10.7,9.41,159.09,-0.0773,785.4,904.4,917.7,751.6,194.44,-0.1315
12-Jan-17,9.83,9.48,10.04,9.08,120.95,0.0041,810.1,785.4,828.2,739.5,120.24,0.0314
13-Jan-17,9.67,9.83,9.83,9.39,39.76,-0.0163,824.8,810.1,835,771,89.86,0.0182
14-Jan-17,9.67,9.72,9.87,9.51,17.44,0,819.6,824.8,838.9,808.3,44.21,-0.0063
15-Jan-17,9.81,9.67,9.83,9.6,16.89,0.0145,821.2,819.6,826.4,808.6,24.4,0.0019
16-Jan-17,9.61,9.72,9.78,9.55,16.03,-0.0204,827.3,821.2,836.7,817.7,33.22,0.0075
17-Jan-17,10.12,9.54,10.6,9.53,237.84,0.0531,899.7,827.3,906.4,825,82.21,0.0874
18-Jan-17,10.19,10.3,10.49,9.74,99.39,0.0069,872,899.7,913.7,845.9,69.26,-0.0307
19-Jan-17,10.38,10.31,10.51,10.15,50.64,0.0186,895.2,872,905.3,870.7,58.44,0.0266
20-Jan-17,10.62,10.38,10.75,10.3,63.55,0.0231,892.9,895.2,901.5,878.9,38.87,-0.0026
21-Jan-17,10.95,10.64,11.09,10.56,125.31,0.0311,919.8,892.9,928.9,889.5,40.38,0.0302
22-Jan-17,10.64,10.91,10.98,10.34,140.66,-0.0283,918.8,919.8,938.4,888.6,47.93,-0.0011
23-Jan-17,10.77,10.64,10.83,10.59,54.39,0.0122,921.5,918.8,928,910.8,32.74,0.0029
24-Jan-17,10.5,10.58,10.75,10.46,105.21,-0.0251,893.8,921.5,925.6,889.2,58.87,-0.0301
25-Jan-17,10.48,10.52,10.58,10.35,26.19,-0.0019,894.4,893.8,905.7,883.6,37.9,0.0007
26-Jan-17,10.63,10.49,10.63,10.43,84.72,0.0143,915.6,894.4,919.3,893.5,33.8,0.0236
27-Jan-17,10.5,10.52,10.58,10.36,61.25,-0.0122,918,915.6,922.6,907.9,30.97,0.0027
28-Jan-17,10.51,10.5,10.54,10.35,102.56,0.001,918.5,918,921.9,912.8,14.31,0.0005
29-Jan-17,10.46,10.49,10.51,10.38,38.28,-0.0048,914.5,918.5,922.4,912.7,11.05,-0.0043
30-Jan-17,10.53,10.44,10.69,10.38,107,0.0067,920.7,914.5,922.3,911.5,19.06,0.0068
31-Jan-17,10.71,10.5,10.74,10.38,250.34,0.0171,965.5,920.7,967.5,917.4,54.67,0.0486
1-Feb-17,10.71,10.71,10.77,10.41,113.79,0,982.4,965.5,986.6,959.8,45.22,0.0175
2-Feb-17,10.8,10.71,10.84,10.53,149.42,0.0084,1004,982.4,1009.1,973.5,50.86,0.0219
3-Feb-17,10.93,10.78,10.93,10.55,102.56,0.012,1013,1004,1023.7,989.2,61.67,0.009
4-Feb-17,11.32,11,11.4,11,158.07,0.0357,1031.8,1013,1041,1000.4,39.46,0.0186
5-Feb-17,11.18,11.32,11.37,11.05,48.07,-0.0124,1016.1,1031.8,1033.7,1004,31.06,-0.0153
6-Feb-17,11.32,11.18,11.33,11.12,69.66,0.0125,1024.7,1016.1,1030.6,1010.8,32.02,0.0084
7-Feb-17,11.41,11.31,11.5,11.25,116.31,0.008,1049.6,1024.7,1054.1,1019.9,39.55,0.0243
8-Feb-17,11.35,11.45,11.6,11,78.89,-0.0053,1055.5,1049.6,1069.2,1020.3,65.15,0.0056
9-Feb-17,10.9,11.35,11.51,10.41,205.68,-0.0396,979,1055.5,1073,924.7,146.75,-0.0725
10-Feb-17,11.3,10.95,11.39,10.75,141.08,0.0367,997.6,979,1005.6,947,62.13,0.0191
11-Feb-17,11.33,11.27,11.38,11.13,73.26,0.0027,1008.3,997.6,1014.3,983.9,28.32,0.0107
12-Feb-17,11.26,11.33,11.4,11.22,35.22,-0.0062,996.5,1008.3,1007.8,992.5,14.75,-0.0117
13-Feb-17,11.35,11.33,11.37,11.05,59.34,0.008,995.4,996.5,1007.6,975.1,32.91,-0.0012
14-Feb-17,12.96,11.32,13.4,11.32,613.95,0.1419,1008.3,995.4,1013.8,986.5,39.54,0.013
15-Feb-17,12.92,13.02,13.15,12.59,302.77,-0.0031,1008.2,1008.3,1010.9,999.7,23.36,-0.0001
16-Feb-17,12.92,12.92,12.99,12.57,116.46,0,1031.9,1008.2,1040.3,1007.4,38.08,0.0235
17-Feb-17,12.76,12.92,12.92,12.6,86.68,-0.0124,1049.4,1031.9,1057.4,1025.9,45.71,0.0169
18-Feb-17,12.79,12.76,12.9,12.7,67.3,0.0024,1052.3,1049.4,1063.2,1044.7,25.36,0.0027
19-Feb-17,12.8,12.79,12.94,12.7,54.51,0.0008,1048.9,1052.3,1056.5,1037.7,17.95,-0.0032
20-Feb-17,12.4,12.8,12.91,12.4,91.26,-0.0313,1077.6,1048.9,1081.8,1041,31.01,0.0273
21-Feb-17,12.82,12.4,12.89,12.25,174.1,0.0339,1119,1077.6,1123,1073.5,57.05,0.0385
22-Feb-17,12.68,12.82,12.85,12.6,47.57,-0.0109,1120.5,1119,1132.3,1094.8,47.91,0.0013
23-Feb-17,13.27,12.68,13.37,12.6,168.68,0.0465,1171.9,1120.5,1181.6,1113.5,65.74,0.0459
24-Feb-17,13.11,13.27,13.31,12.7,145.36,-0.0121,1176.5,1171.9,1211.7,1092.4,108.17,0.0039
25-Feb-17,13.55,13.11,13.8,13.05,223.07,0.0336,1149.1,1176.5,1180,1116.2,45.86,-0.0233
26-Feb-17,14.57,13.55,14.66,13.3,284.67,0.0753,1171.6,1149.1,1177.5,1130.6,30.77,0.0196
27-Feb-17,15.5,14.57,15.75,14.3,469.29,0.0638,1188.8,1171.6,1195.8,1164.3,35.47,0.0147
28-Feb-17,15.86,15.5,16.23,15.18,616.6,0.0232,1189.3,1188.8,1208.2,1175.8,50.58,0.0004
1-Mar-17,17.43,15.86,17.49,15.62,343.43,0.099,1222.7,1189.3,1225,1154.6,51.15,0.0281
2-Mar-17,19.02,17.43,19.45,16.3,903.09,0.0912,1255.5,1222.7,1287,1212,78.49,0.0268
3-Mar-17,19.49,19.02,20.73,18.43,981,0.0247,1283.3,1255.5,1291.3,1250.8,67.28,0.0222
4-Mar-17,18.5,19.49,20,18.4,331.95,-0.0508,1264.3,1283.3,1285.8,1228.7,38.42,-0.0148
5-Mar-17,19.35,18.5,19.45,18.15,226.39,0.0459,1271.2,1264.3,1273.3,1242.1,25.43,0.0055
6-Mar-17,19.51,19.35,20.23,19.14,316.91,0.0083,1277,1271.2,1280.6,1261,31.03,0.0046
7-Mar-17,18.88,19.51,19.67,18.5,228.66,-0.0323,1232.7,1277,1280.9,1148.7,87.72,-0.0347
8-Mar-17,16.51,18.88,18.88,16.51,562.05,-0.1255,1147,1232.7,1242,1136.9,97.88,-0.0695
9-Mar-17,17.75,16.51,18,16.25,281.6,0.0751,1191.3,1147,1207,1129.3,59.86,0.0387
10-Mar-17,19.18,17.75,19.7,16.5,824.86,0.0806,1112.4,1191.3,1330.4,988.7,190.47,-0.0663
11-Mar-17,21.3,19.18,21.45,18.83,661.77,0.1105,1179.2,1112.4,1202.7,1104.8,70.75,0.0601
12-Mar-17,23.2,21.3,23.23,21.05,786.85,0.0892,1225.1,1179.2,1235.5,1160.9,44.41,0.0389
13-Mar-17,28.4,23.2,30.6,23.2,1.78,0.2241,1238.2,1225.1,1245.6,1205.6,60.46,0.0107
14-Mar-17,28.66,28.4,29.93,27,701.89,0.0092,1243.1,1238.2,1255.5,1218.4,45.14,0.004
15-Mar-17,34.8,28.66,34.8,28.36,1.36,0.2142,1253.4,1243.1,1256.9,1236.4,43.59,0.0083
16-Mar-17,45.07,34.8,46.21,34.8,3.06,0.2951,1172.9,1253.4,1260.2,1119,132.77,-0.0643
17-Mar-17,44.65,45.07,51.88,32.84,3.39,-0.0093,1071.7,1172.9,1174.9,1063.5,163.74,-0.0863
18-Mar-17,34.2,44.65,44.99,31.1,2.12,-0.234,971.4,1071.7,1103.6,940.2,210.42,-0.0936
19-Mar-17,43.17,34.2,45.69,34.1,1.69,0.2623,1022.6,971.4,1063.7,967.3,106.45,0.0527
20-Mar-17,42.06,43.17,45.13,39.47,875,-0.0257,1047.5,1022.6,1057.5,1005,61.43,0.0244
21-Mar-17,42.45,42.06,43.7,41.15,462.96,0.0093,1121.3,1047.5,1125.5,1043.9,92.59,0.0704
22-Mar-17,41.46,42.45,42.95,38.51,488.53,-0.0233,1044.7,1121.3,1121.9,997.8,115.29,-0.0683
23-Mar-17,43.14,41.46,44.75,40.22,523.65,0.0405,1035,1044.7,1062.8,1022,56.52,-0.0093
24-Mar-17,54.01,43.14,58.99,42.5,1.64,0.252,939.7,1035,1038.4,927.3,132.6,-0.0921
25-Mar-17,50.75,54.01,54.9,47.46,1.15,-0.0604,966.3,939.7,996,890.4,127.05,0.0283
26-Mar-17,50.46,50.75,51.8,46.55,461.99,-0.0057,969.4,966.3,1004.3,946.7,85.33,0.0032
27-Mar-17,48.93,50.46,52.01,47.67,389.87,-0.0303,1045.1,969.4,1048.8,961.8,91.26,0.0781
28-Mar-17,50.16,48.93,50.6,47.95,453.92,0.0251,1044.4,1045.1,1068.4,1015.5,80,-0.0007
29-Mar-17,52.88,50.16,54.3,49.4,685.32,0.0542,1041.9,1044.4,1058.7,1008.3,68.85,-0.0024
30-Mar-17,51.62,52.88,53.28,50.75,373.98,-0.0238,1037.9,1041.9,1052.7,1020.9,74.99,-0.0038
31-Mar-17,49.72,51.62,51.83,46.82,784.7,-0.0368,1079.1,1037.9,1088.2,1035.2,90.99,0.0397
1-Apr-17,50.59,49.72,51.87,48.7,386.43,0.0175,1086.1,1079.1,1103.7,1067.5,50.66,0.0065
2-Apr-17,48.6,50.59,51.59,47.7,784.6,-0.0393,1097.4,1086.1,1109.5,1074.2,70.98,0.0104
3-Apr-17,44.28,48.6,48.6,42.77,1.17,-0.0889,1147.6,1097.4,1157.9,1095.6,98.5,0.0457
4-Apr-17,44.41,44.28,45.69,41.05,762.88,0.0029,1141.8,1147.6,1161.2,1122.2,71,-0.005
5-Apr-17,45.35,44.41,47.53,44.19,564.4,0.0212,1129.9,1141.8,1143.8,1110.1,69.47,-0.0104
6-Apr-17,43.11,45.35,46.03,41.25,649.41,-0.0494,1188.7,1129.9,1201.6,1130.5,92.36,0.0521
7-Apr-17,42.25,43.11,44.53,41.78,277.52,-0.0199,1190.5,1188.7,1201.2,1173.2,59.75,0.0015
8-Apr-17,44.51,42.25,45.76,42.25,363.84,0.0535,1180.8,1190.5,1198.2,1166.7,33.18,-0.0082
9-Apr-17,43.94,44.51,44.86,43.18,177.31,-0.0128,1204.3,1180.8,1215.1,1174,45.35,0.02
10-Apr-17,44.17,43.94,44.76,43.01,218.12,0.0052,1206.7,1204.3,1214.9,1194.8,40.01,0.002
11-Apr-17,44.21,44.17,44.8,43.8,113.37,0.0009,1220.7,1206.7,1229.6,1195.8,37.4,0.0116
12-Apr-17,46.85,44.21,48.47,43.84,537.21,0.0597,1212.5,1220.7,1225.5,1207.4,44.78,-0.0067
13-Apr-17,50.65,46.85,51.51,46.85,520.86,0.0811,1176.2,1212.5,1218.7,1150.3,66.05,-0.03
14-Apr-17,48.5,50.65,50.65,47.34,394.47,-0.0424,1177.3,1176.2,1195.4,1162.2,47.22,0.001
15-Apr-17,49.71,48.5,50.48,47.95,332.29,0.0249,1177,1177.3,1194.8,841.5,28.39,-0.0003
16-Apr-17,49.58,49.71,49.9,48.87,64.04,-0.0026,1176.8,1177,1188,1166.7,18.93,-0.0002
17-Apr-17,49.52,49.58,50.27,48.88,170.64,-0.0012,1194,1176.8,1203,1172.8,46.48,0.0146
18-Apr-17,52.42,49.52,53,49.07,643.62,0.0586,1206.1,1194,1213.9,1191.1,52.75,0.0101
19-Apr-17,49.66,52.42,53,45,460.6,-0.0527,1215.2,1206.1,1218.2,1194.1,43.35,0.0076
20-Apr-17,51.96,49.66,52.45,48.6,347.61,0.0463,1238.1,1215.2,1246.6,1210.7,55.2,0.0188
21-Apr-17,51.37,51.96,52.27,51.1,156.43,-0.0114,1249.6,1238.1,1257,1235.6,41.34,0.0093
22-Apr-17,52.15,51.37,52.78,51.03,125.32,0.0152,1240.9,1249.6,1257,1215.8,43.82,-0.007
23-Apr-17,53.33,52.15,54.44,51.75,186.86,0.0226,1249.1,1240.9,1256.2,1223.1,42.61,0.0066
24-Apr-17,53.54,53.33,54.48,53,202.96,0.0039,1248.2,1249.1,1256.4,1234.9,38.54,-0.0008
25-Apr-17,53.9,53.54,54.21,53.25,97.44,0.0067,1264.3,1248.2,1272.6,1244.2,43.89,0.0129
26-Apr-17,57.31,53.9,58.38,53.66,530.34,0.0633,1286.6,1264.3,1309.2,1263,58.91,0.0177
27-Apr-17,68,57.31,68,56.92,526.52,0.1865,1332.9,1286.6,1346.8,1285.3,61.77,0.036
28-Apr-17,76,68,77.4,66,959.41,0.1176,1329.6,1332.9,1356.2,1287.6,77.57,-0.0025
29-Apr-17,73.55,76,77.6,71.2,474.76,-0.0322,1336.3,1329.6,1343.7,1314.2,40.97,0.005
30-Apr-17,83.51,73.55,84,72.6,492.64,0.1354,1351.9,1336.3,1358.9,1309.7,40.64,0.0117
1-May-17,81.4,83.51,88.1,66,1.26,-0.0253,1415.8,1351.9,1448.7,1342.8,100.44,0.0473
2-May-17,82.01,81.4,85.18,79.49,361.7,0.0075,1445.9,1415.8,1471.1,1394.8,70.01,0.0213
3-May-17,85.79,82.01,86.62,81,357.12,0.0461,1485.6,1445.9,1496.4,1424.1,81.72,0.0274
4-May-17,99.2,85.79,99.78,84.61,822.13,0.1563,1516.8,1485.6,1609.8,1437.1,136.71,0.021
5-May-17,91.5,99.2,101.7,88.2,718.17,-0.0776,1507.8,1516.8,1588.1,1485,120.38,-0.0059
6-May-17,96.65,91.5,96.84,90.53,243.52,0.0563,1545.3,1507.8,1560.4,1503.9,59.6,0.0249
7-May-17,94.21,96.65,98,90.89,219.19,-0.0252,1554.4,1545.3,1572.9,1495.2,71.36,0.0059
8-May-17,88.97,94.21,95.48,88.11,349.34,-0.0556,1664.5,1554.4,1667.7,1552.9,107.23,0.0708
9-May-17,88.94,88.97,91.1,77.76,703.65,-0.0003,1697.5,1664.5,1757.4,1620,127.23,0.0198
10-May-17,88.33,88.94,92.46,86.6,195.51,-0.0069,1752.3,1697.5,1766.2,1665,89.68,0.0323
11-May-17,89.38,88.33,91.5,87.35,210.47,0.0119,1819.3,1752.3,1864.8,1741.5,109.01,0.0382
12-May-17,86.99,89.38,92,83.85,283.23,-0.0267,1686.4,1819.3,1822.5,1641.2,109.34,-0.0731
13-May-17,89.9,86.99,89.99,84.5,106.01,0.0335,1763.7,1686.4,1770.5,1594.6,75.47,0.0459
14-May-17,90.37,89.9,91.92,88.11,173.21,0.0052,1772.6,1763.7,1802.8,1736.1,40.64,0.005
15-May-17,92.56,90.37,95.17,90.37,403.46,0.0242,1708.9,1772.6,1776.7,1656.8,80.24,-0.0359
16-May-17,88.17,92.56,93.48,85.43,193.41,-0.0474,1729.3,1708.9,1752.6,1653.7,75.54,0.0119
17-May-17,89.67,88.17,90.93,83.77,174.84,0.017,1801.3,1729.3,1842.8,1704,94.62,0.0416
18-May-17,98.6,89.67,98.89,89.42,437.25,0.0996,1881,1801.3,1980.5,1791.1,73.1,0.0442
19-May-17,124.4,98.6,129.25,98.31,900.72,0.2617,1962,1881,1969.7,1875.3,98.76,0.0431
20-May-17,123.03,124.4,128.95,119.54,429.97,-0.011,2040.2,1962,2048.4,1944.4,89.86,0.0398
21-May-17,146.14,123.03,146.4,122.32,769.98,0.1878,2044.2,2040.2,2094.9,1980.1,78.78,0.002
22-May-17,154.92,146.14,190,136.8,1.65,0.0601,2124.4,2044.2,2264.8,1998.6,174.38,0.0392
23-May-17,168.24,154.92,174.3,148.6,507.16,0.086,2272.6,2124.4,2286.3,2110.8,114.18,0.0697
24-May-17,183.88,168.24,197.41,166.33,645.09,0.093,2445.3,2272.6,2497,2263.3,149.26,0.076
25-May-17,168.71,183.88,206.06,155,862.96,-0.0825,2307.2,2445.3,2781.8,2210.5,248.44,-0.0565
26-May-17,152.8,168.71,187,143.64,649.59,-0.0943,2244.9,2307,2616.5,2051.4,191.49,-0.027
27-May-17,149.99,152.8,161,110.42,1.26,-0.0184,2052.4,2244.9,2322.4,1868.6,222.95,-0.0857
28-May-17,161.91,149.99,172.79,149.66,643.59,0.0795,2189,2052.4,2300.5,2051.1,125,0.0666
29-May-17,189.99,161.91,191.3,155.01,472.38,0.1734,2278.2,2189,2337.4,2117.3,92.24,0.0407
30-May-17,224.69,189.99,229.98,182,757.87,0.1826,2192.6,2278.2,2329.3,2147.1,120.96,-0.0376
31-May-17,218.34,224.69,230.55,200.9,584.48,-0.0283,2303.3,2192.6,2330.6,2168.4,117.75,0.0505
1-Jun-17,211.4,218.34,227.32,196,453.56,-0.0318,2412.6,2303.3,2460.8,2303.3,122.7,0.0475
2-Jun-17,214.77,211.4,219.21,208.23,152.45,0.0159,2492.6,2412.6,2494,2385.6,83.03,0.0331
3-Jun-17,217.01,214.77,217.99,210.01,96.06,0.0104,2545.4,2492.6,2582.8,2449.9,70.96,0.0212
4-Jun-17,241.06,217.01,245.98,216.1,375.99,0.1108,2524.1,2545.4,2559.8,2478.2,59.48,-0.0084
5-Jun-17,242.16,241.06,244.29,231.72,202.57,0.0046,2705,2524.1,2705.4,2523.9,86.69,0.0717
6-Jun-17,261.89,242.16,264.99,238.23,412.07,0.0815,2870.5,2705,2931.2,2699.7,192.23,0.0612
7-Jun-17,250.7,261.89,263.7,241.01,253.51,-0.0427,2691.5,2870.5,2880.9,2626.6,122.68,-0.0624
8-Jun-17,256.95,250.7,258.93,242.04,147.19,0.0249,2798.8,2691.5,2808.4,2623.6,95.42,0.0399
9-Jun-17,278.41,256.95,279.9,256.95,271.54,0.0835,2811.4,2798.8,2852.1,2786.1,67.05,0.0045
10-Jun-17,325.88,278.41,341.94,278.26,564.75,0.1705,2900.3,2811.4,2914.2,2807.4,86.52,0.0316
11-Jun-17,336.33,325.88,347,310,503.72,0.0321,2973.4,2900.3,2977.9,2867.3,83.03,0.0252
12-Jun-17,386.9,336.33,412.21,297,1.17,0.1504,2656.8,2973.4,2985.1,2483.6,217.96,-0.1065
13-Jun-17,382.7,386.9,395,345.61,442.31,-0.0109,2713,2656.8,2784.8,2647.4,116.74,0.0212
14-Jun-17,335.95,382.7,385.73,315,593.56,-0.1222,2467.3,2713,2803.7,2349,174.19,-0.0906
15-Jun-17,338.7,335.95,344,265,1.15,0.0082,2442.5,2467.3,2521.6,2125.6,262.79,-0.0101
16-Jun-17,348.44,338.7,355.51,305.22,347.87,0.0288,2508.6,2442.5,2536.4,2335.3,117.21,0.0271
17-Jun-17,364.56,348.44,366.08,332,219.77,0.0463,2655.1,2508.6,2690.7,2454.8,95.95,0.0584
18-Jun-17,348.88,364.56,377.46,336.89,283.22,-0.043,2539.6,2655.1,2676,2488.6,92,-0.0435
19-Jun-17,355.5,348.88,362.5,344.13,174.45,0.019,2616.8,2539.6,2617.8,2518.8,81.83,0.0304
20-Jun-17,344.15,355.5,366.52,328,342.67,-0.0319,2754.4,2616.8,2800.5,2614,111.3,0.0526
21-Jun-17,321.66,344.15,348.5,287.11,642.8,-0.0653,2677.6,2754.4,2804.4,2624.4,116.03,-0.0279
22-Jun-17,320.94,321.66,328.99,305,351.82,-0.0022,2722.8,2677.6,2757.3,2623.2,78.3,0.0169
23-Jun-17,324.37,320.94,329.9,316.36,105.6,0.0107,2710.4,2722.8,2759.7,2699.5,56.94,-0.0046
24-Jun-17,296.89,324.37,327.55,291.53,195.47,-0.0847,2590.1,2710.4,2741.6,2540.4,86.96,-0.0444
25-Jun-17,277,296.89,306.39,253.2,508.55,-0.067,2541.6,2590.1,2660.7,2472.4,86.97,-0.0187
26-Jun-17,251.3,277,286.85,214.99,1.36,-0.0928,2446.1,2541.6,2584.8,2327.3,165.83,-0.0376
27-Jun-17,279,251.3,279,204.11,1.09,0.1102,2583.8,2446.1,2585.1,2309.6,159.26,0.0563
28-Jun-17,311.62,279,318.27,255,910.35,0.1169,2577.7,2583.8,2616.9,2490.1,110.42,-0.0023
29-Jun-17,285.3,311.62,318.27,276,620.08,-0.0845,2558.4,2577.7,2605.9,2526.5,75.32,-0.0075
30-Jun-17,275.62,285.3,301.9,267.35,386.78,-0.0339,2480.6,2558.4,2576.3,2469.5,73,-0.0304
1-Jul-17,255,275.62,277.63,238,716.32,-0.0748,2424.6,2480.6,2529.6,2387.5,66.32,-0.0226
2-Jul-17,277.64,255,285.91,242.81,488.52,0.0888,2536.5,2424.6,2555.3,2375.9,67.76,0.0461
3-Jul-17,273.99,277.64,283.98,266.45,336.35,-0.0131,2572.5,2536.5,2617.5,2506.3,83.42,0.0142
4-Jul-17,266.68,273.99,283,260,425,-0.0267,2617.3,2572.5,2658.7,2570,80.68,0.0174
5-Jul-17,264.77,266.68,272.12,249.53,436.76,-0.0072,2627.9,2617.3,2642.7,2562,89.72,0.004
6-Jul-17,265.35,264.77,273,258.37,240.42,0.0022,2614.2,2627.9,2634.8,2581.8,60.16,-0.0052
7-Jul-17,238.38,265.35,265.8,233.84,496.51,-0.1016,2513.9,2614.2,2617.5,2484.7,90.45,-0.0384
8-Jul-17,245.23,238.38,246.66,226.68,365.16,0.0287,2564.9,2513.9,2568.7,2480.6,54.51,0.0203
9-Jul-17,234.97,245.23,249,234.15,201.47,-0.0418,2511.4,2564.9,2576.7,2509.6,39.16,-0.0208
10-Jul-17,202,234.97,238.01,187.5,1.01,-0.1403,2344,2511.4,2530.3,2271.8,123.8,-0.0667
11-Jul-17,188.63,202,215,169,1.56,-0.0662,2324.3,2344,2412.8,2265.5,146.63,-0.0084
12-Jul-17,223.92,188.63,225,177.78,1.09,0.1871,2403.1,2324.3,2424.8,2262.1,109.52,0.0339
13-Jul-17,205,223.92,224.99,189.46,842.98,-0.0845,2362.4,2403.1,2436.7,2335,88.17,-0.0169
14-Jul-17,196.49,205,207.76,179.58,971.73,-0.0415,2234.2,2362.4,2370.5,2165.4,114.41,-0.0543
15-Jul-17,170.15,196.49,197.8,169.82,694.52,-0.1341,1975.1,2234.2,2237.1,1974,155.32,-0.116
16-Jul-17,157.4,170.15,172.7,136.12,2.11,-0.0749,1914.1,1975.1,2044.4,1809,189.64,-0.0309
17-Jul-17,190.16,157.4,190.61,155,1.45,0.2081,2233.4,1914.1,2233.8,1913.8,176.89,0.1668
18-Jul-17,226.56,190.16,258,177.5,2.52,0.1914,2320.2,2233.4,2400.7,2164.6,202.62,0.0389
19-Jul-17,194.63,226.56,245.61,187,2.33,-0.1409,2282.6,2320.2,2412.4,2243.1,154.32,-0.0162
20-Jul-17,227.29,194.63,238,194.63,2.11,0.1678,2866,2282.6,2932.8,2282.1,310.34,0.2556
21-Jul-17,216.11,227.29,239,208,853.87,-0.0492,2675.1,2866,2874,2622.5,193.76,-0.0666
22-Jul-17,232.01,216.11,237.19,214.35,556.21,0.0736,2836.5,2675.1,2876.7,2658.6,121.92,0.0604
23-Jul-17,228.15,232.01,236.57,219,410.73,-0.0166,2756.6,2836.5,2856.7,2675.6,108.23,-0.0282
24-Jul-17,226.59,228.15,232.56,223.64,355.76,-0.0068,2763.4,2756.6,2798.9,2715.7,83.01,0.0025
25-Jul-17,202.7,226.59,227.69,190.49,1.08,-0.1054,2582.6,2763.4,2779.1,2472.6,205.88,-0.0654
26-Jul-17,203.33,202.7,209.59,191.76,685.64,0.0031,2559.2,2582.6,2631.7,2441.5,135.5,-0.009
27-Jul-17,202.54,203.33,207,197.86,410.96,-0.0039,2691.9,2559.2,2712.9,2547.7,103.83,0.0518
28-Jul-17,191.2,202.54,204.19,188.1,493.9,-0.056,2806.8,2691.9,2843.8,2683.6,138.91,0.0427
29-Jul-17,206.76,191.2,213,176.95,866.05,0.0814,2733.5,2806.8,2812.1,2699.4,84.49,-0.0261
30-Jul-17,195.31,206.76,210.76,192.21,522.57,-0.0554,2766.5,2733.5,2773.1,2621.7,82.72,0.0121
31-Jul-17,200.81,195.31,201.5,188.12,444.15,0.0282,2883.3,2766.5,2916.3,2723.1,91.12,0.0422
1-Aug-17,225.97,200.81,232.59,200.8,1.23,0.1253,2747,2883.3,2946,2659.6,123.17,-0.0473
2-Aug-17,218,225.97,229.7,215,558.15,-0.0353,2720.5,2747,2773.8,2668.9,81.82,-0.0096
3-Aug-17,224.79,218,228.2,217.07,336.65,0.0311,2810,2720.5,2822.9,2717.6,68.1,0.0329
4-Aug-17,220.73,224.79,228.3,218.66,292.12,-0.0181,2878.5,2810,2892.7,2779.5,68.76,0.0244
5-Aug-17,253.87,220.73,259.9,219.23,822.05,0.1501,3262.8,2878.5,3344,2875.9,159.4,0.1335
6-Aug-17,264.29,253.87,271.5,251,734.52,0.041,3232,3262.8,3295.1,3166.5,60.66,-0.0094
7-Aug-17,269.51,264.29,274.6,257.32,511.6,0.0198,3401.9,3232,3425.1,3198.5,88.11,0.0526
8-Aug-17,295.83,269.51,299.5,265,726.47,0.0977,3429.4,3401.9,3494.9,3357.1,106.94,0.0081
9-Aug-17,293.99,295.83,316,277,1.4,-0.0062,3348.8,3429.4,3437.1,3251,97.06,-0.0235
10-Aug-17,295.97,293.99,310.05,287.6,543.93,0.0067,3425.7,3348.8,3453.8,3322.9,71,0.023
11-Aug-17,308.81,295.97,310.42,294,455.52,0.0434,3654.4,3425.7,3706.5,3409.8,97.56,0.0668
12-Aug-17,307.22,308.81,319.78,299,561.91,-0.0051,3871.6,3654.4,3967.3,3611.4,123.59,0.0594
13-Aug-17,296.64,307.22,308,285.21,582.97,-0.0344,4062.6,3871.6,4189.4,3847.3,158.59,0.0493
14-Aug-17,298.22,296.64,306.48,293.99,371.28,0.0053,4327.9,4062.6,4336.7,3978.9,128.46,0.0653
15-Aug-17,286,298.22,299.91,272.29,629.18,-0.041,4161.7,4327.9,4436.5,3837.1,211.58,-0.0384
16-Aug-17,301.34,286,304,279.94,526.52,0.0536,4387.4,4161.7,4398.1,3938.6,112.9,0.0542
17-Aug-17,299,301.34,312,297.01,465.8,-0.0078,4278.9,4387.4,4487.5,4194.1,127.48,-0.0247
18-Aug-17,292,299,307,286,578.06,-0.0234,4105.4,4278.9,4362.7,3978.3,144.4,-0.0406
19-Aug-17,292.78,292,298.51,280,554.28,0.0027,4150.5,4105.4,4189.7,3957.5,113.72,0.011
20-Aug-17,298.37,292.78,299,286.96,304.35,0.0191,4066.6,4150.5,4182.3,4034.4,70.16,-0.0202
21-Aug-17,322.24,298.37,346.99,294.53,1.15,0.08,4005.1,4066.6,4097.3,3966.9,90.65,-0.0151
22-Aug-17,312.54,322.24,329.96,285.01,857.28,-0.0301,4089.7,4005.1,4142.7,3612.2,169.14,0.0211
23-Aug-17,316.5,312.54,325,311.65,402.8,0.0127,4141.1,4089.7,4255.6,4070.5,96.65,0.0126
24-Aug-17,325.62,316.5,329.56,314.14,326.98,0.0288,4318.4,4141.1,4364.1,4111.7,72.36,0.0428
25-Aug-17,328.7,325.62,338.25,324.04,378.01,0.0095,4364.4,4318.4,4461.7,4292.6,82.9,0.0107
26-Aug-17,332.72,328.7,334.6,324.5,315.62,0.0122,4352.3,4364.4,4379.3,4263.3,46.16,-0.0028
27-Aug-17,348.01,332.72,348.01,331.88,362.05,0.046,4345.8,4352.3,4408.2,4321.1,42.52,-0.0015
28-Aug-17,347.09,348.01,352,332.74,389.24,-0.0026,4390.3,4345.8,4403.1,4195.2,75.49,0.0103
29-Aug-17,372,347.09,375.98,346.42,631.68,0.0718,4597.3,4390.3,4647.8,4350.2,100.8,0.0471
30-Aug-17,382.78,372,390.1,365.1,660.23,0.029,4583,4597.3,4644.1,4491.8,68.47,-0.0031
31-Aug-17,387.3,382.78,390,380.1,345.07,0.0118,4735.1,4583,4765.1,4580.1,72.29,0.0332
1-Sep-17,390.35,387.3,395.03,383.6,461.31,0.0079,4921.9,4735.1,4925.2,4690.2,102.01,0.0394
2-Sep-17,345,390.35,390.77,325.1,1.08,-0.1162,4573.8,4921.9,4976.5,4448.6,160.77,-0.0707
3-Sep-17,350.63,345,368.4,328.33,742.59,0.0163,4612.9,4573.8,4719.8,4397.7,102.82,0.0086
4-Sep-17,295.81,350.63,351.59,275,1.99,-0.1563,4267.5,4612.9,4621,4098.6,170.4,-0.0749
5-Sep-17,316.18,295.81,323.17,267.64,1.34,0.0689,4409.1,4267.5,4496.7,4004.6,158.41,0.0332
6-Sep-17,337.36,316.18,339.5,314.81,805.38,0.067,4618.7,4409.1,4660,4401.5,110.93,0.0475
7-Sep-17,334.1,337.36,338.66,321.1,582.98,-0.0097,4635.6,4618.7,4690.5,4493.2,70.53,0.0037
8-Sep-17,304,334.1,334.58,291,1.08,-0.0901,4326.5,4635.6,4699.6,4130.9,180.36,-0.0667
9-Sep-17,303.08,304,307.08,291.46,594.28,-0.003,4335.1,4326.5,4402.1,4185.3,77.09,0.002
10-Sep-17,297.9,303.08,305,276.11,891.44,-0.0171,4245.9,4335.1,4338.1,4032.1,108.08,-0.0206
11-Sep-17,297.19,297.9,308,287.33,609.03,-0.0024,4217.9,4245.9,4364.4,4134.6,88.76,-0.0066
12-Sep-17,293.9,297.19,316.73,283,915.33,-0.0111,4158.9,4217.9,4387.8,4075,107.04,-0.014
13-Sep-17,275.48,293.9,294.16,256,1.57,-0.0627,3870.3,4158.9,4174.6,3752,186.54,-0.0694
14-Sep-17,222.5,275.48,281.01,221.71,2.25,-0.1923,3243.1,3870.3,3930.7,3219,317.59,-0.1621
15-Sep-17,258.68,222.5,269,198,3.34,0.1626,3713.8,3243.1,3824.4,2979.9,448.55,0.1451
16-Sep-17,253,258.68,270,242.2,1.08,-0.022,3698.9,3713.8,3893.7,3551.8,169.36,-0.004
17-Sep-17,257,253,263.69,239,685.7,0.0158,3689.6,3698.9,3796.6,3485.8,96.07,-0.0025
18-Sep-17,296.81,257,299.89,257,1.33,0.1549,4100.3,3689.6,4122.8,3689,147.93,0.1113
19-Sep-17,282.63,296.81,299,275,941.08,-0.0478,3908,4100.3,4120.7,3852.2,123.22,-0.0469
20-Sep-17,283.5,282.63,294,277,512.32,0.0031,3882.2,3908,4053,3846.8,86.65,-0.0066
21-Sep-17,256.67,283.5,287.53,251.52,1.03,-0.0946,3617.3,3882.2,3912.8,3576.5,145.13,-0.0682
22-Sep-17,262.19,256.67,269.5,253.03,643.2,0.0215,3600.8,3617.3,3753.5,3505.8,114.72,-0.0045
23-Sep-17,285.9,262.19,287.2,259.01,570.42,0.0904,3788,3600.8,3813.4,3563.2,67.82,0.052
24-Sep-17,282,285.9,294.54,275.41,687.97,-0.0136,3667.5,3788,3790.9,3633.9,49.66,-0.0318
25-Sep-17,295.2,282,297.93,281.8,652.31,0.0468,3932.8,3667.5,3971.5,3665.7,100.2,0.0723
26-Sep-17,289.28,295.2,296.38,285.2,366.53,-0.0201,3892.7,3932.8,3982.3,3858.8,63.25,-0.0102
27-Sep-17,309.75,289.28,315.51,286.93,748.36,0.0708,4212.2,3892.7,4232.4,3882.1,117.6,0.0821
28-Sep-17,302.63,309.75,310.69,297.75,491.02,-0.023,4195.6,4212.2,4274.6,4112.9,92.23,-0.0039
29-Sep-17,292.66,302.63,303.9,280.5,966.41,-0.0329,4172.8,4195.6,4237.5,4030.4,97.8,-0.0054
30-Sep-17,303.44,292.66,307.76,292.3,459.21,0.0368,4360.6,4172.8,4383.3,4164.3,67.49,0.045
1-Oct-17,304.26,303.44,305.57,295,385.33,0.0027,4403.1,4360.6,4412.6,4258.3,60.58,0.0097
2-Oct-17,296.82,304.26,304.63,292.1,468.96,-0.0245,4401.3,4403.1,4477.4,4364.7,71.2,-0.0004
3-Oct-17,291.69,296.82,300.5,285.93,452.02,-0.0173,4314.2,4401.3,4436,4230.7,81.87,-0.0198
4-Oct-17,291.4,291.69,296,287.56,394.45,-0.001,4218.7,4314.2,4355.3,4183.6,64.08,-0.0221
5-Oct-17,295.12,291.4,297.92,285.12,317.81,0.0128,4321.4,4218.7,4365.8,4143.4,63.61,0.0244
6-Oct-17,308.43,295.12,309.59,293.04,373.26,0.0451,4371.9,4321.4,4422.1,4296.9,61.69,0.0117
7-Oct-17,311.46,308.43,315,304.5,409.62,0.0098,4435.8,4371.9,4472.9,4319.5,40.2,0.0146
8-Oct-17,309.82,311.46,314.39,307.55,363.24,-0.0053,4611.7,4435.8,4622.9,4419.4,71.37,0.0397
9-Oct-17,297.4,309.82,311.16,287.03,630.8,-0.0401,4777.5,4611.7,4875.4,4556.1,110.19,0.0359
10-Oct-17,299.32,297.4,307,292.57,366.24,0.0065,4763.4,4777.5,4930,4722.8,98.49,-0.003
11-Oct-17,303.2,299.32,306.55,296.6,407.08,0.013,4824.2,4763.4,4874.9,4718.6,70.48,0.0128
12-Oct-17,303.06,303.2,310.01,302.1,649.86,-0.0005,5432.6,4824.2,5432.6,4815,163.92,0.1261
13-Oct-17,337.46,303.06,350,298,1.34,0.1135,5637.3,5432.6,5852.8,5392,215.02,0.0377
14-Oct-17,339.24,337.46,348,334.05,528.58,0.0053,5824.7,5637.3,5839.6,5568.9,76.22,0.0333
15-Oct-17,337.23,339.24,344.89,315,875.27,-0.0059,5688.1,5824.7,5862.7,5448.2,101.64,-0.0234
16-Oct-17,334.46,337.23,355,330.85,945.25,-0.0082,5759.3,5677.4,5795.3,5576.1,61.36,0.0125
17-Oct-17,315.65,334.46,334.8,308,671.49,-0.0562,5598.6,5759.3,5773.3,5521.1,65.64,-0.0279
18-Oct-17,313.45,315.65,316.21,287.46,885.21,-0.007,5575.8,5598.6,5601.3,5114.9,122.02,-0.0041
19-Oct-17,306.97,313.45,316.5,304,413.13,-0.0207,5698.6,5576.7,5737.4,5517.6,83.06,0.022
20-Oct-17,302.61,306.97,313.01,301.04,415.81,-0.0142,5993.1,5698.6,6075.3,5611.4,123.86,0.0517
21-Oct-17,299.23,302.61,303,289.31,368.61,-0.0112,6006.6,5993.1,6187.2,5874.5,112.94,0.0023
22-Oct-17,293.55,299.23,305.62,289.4,334.09,-0.019,5982.9,6006.6,6070.6,5723,105.03,-0.004
23-Oct-17,284.85,293.55,293.96,273.5,597.47,-0.0296,5903.6,5982.9,6049,5644.2,137.14,-0.0132
24-Oct-17,296.3,284.85,311.85,280.02,758.33,0.0402,5513.1,5903.6,5904.6,5463.4,143.74,-0.0662
25-Oct-17,295.46,296.3,300,288.5,329.33,-0.0028,5734,5513.1,5748,5375.6,105.84,0.0401
26-Oct-17,295.1,295.46,299,290.55,207.77,-0.0012,5887.6,5734,5970.4,5689.9,93.68,0.0268
27-Oct-17,295.99,295.1,299.5,291.6,239.63,0.003,5764.6,5887.6,5997.8,5692.3,83.93,-0.0209
28-Oct-17,293.49,295.99,297.01,288.6,245.78,-0.0084,5726.6,5764.6,5871,5654.8,53.23,-0.0066
29-Oct-17,304.39,293.49,312.49,290.5,583.18,0.0371,6147.5,5726.6,6295.4,5679.4,163.06,0.0735
30-Oct-17,307,304.39,314.4,303.93,301.72,0.0086,6124.3,6147.7,6226.2,6019,78.62,-0.0038
31-Oct-17,303.69,307,312,303.1,285.81,-0.0108,6451.2,6124.3,6467.2,6090.8,101.25,0.0534
1-Nov-17,288.6,303.69,305.11,287.04,538.44,-0.0497,6737.8,6449.1,6738.7,6355,133.19,0.0444
2-Nov-17,284.89,288.6,293.01,275.21,910.76,-0.0129,7024.8,6737.8,7339.9,6737.8,238.8,0.0426
3-Nov-17,303.47,284.89,307.36,284,760.96,0.0652,7152.1,7024.8,7445.6,6938.9,154.89,0.0181
4-Nov-17,299.48,303.47,304.38,293,463.88,-0.0131,7363.8,7147,7492.2,6957.8,106.6,0.0296
5-Nov-17,295.63,299.48,301,292.28,345.21,-0.0129,7389.5,7363.8,7599.4,7284.3,105.73,0.0035
6-Nov-17,296.9,295.63,310,292,557.78,0.0043,6959.2,7389.5,7429.7,6934.7,159.69,-0.0582
7-Nov-17,291.42,296.9,304.2,285.01,757.8,-0.0185,7102.8,6959.3,7222.4,6957.8,101.05,0.0206
8-Nov-17,307.5,291.42,318.9,290.11,1.17,0.0552,7444.4,7102.2,7869.1,7027,220.22,0.0481
9-Nov-17,319.52,307.5,328.8,305,881.18,0.0391,7129.6,7444.4,7457.1,7040.8,126.77,-0.0423
10-Nov-17,296.18,319.52,324.03,286,1.16,-0.073,6565.8,7129.6,7319,6406,222,-0.0791
11-Nov-17,313.07,296.18,319.88,294.7,604.7,0.057,6339.9,6565.8,6821.5,6197.9,135.72,-0.0344
12-Nov-17,303.9,313.07,316.99,293.33,879.41,-0.0293,5878.1,6339.9,6490.5,5493.6,269.83,-0.0728
13-Nov-17,313.22,303.9,318,302.4,696.37,0.0307,6522.5,5878.1,6760.1,5828.3,178.34,0.1096
14-Nov-17,334.28,313.22,336.69,313.22,854.09,0.0672,6597.1,6522.5,6728.6,6419.2,96.5,0.0114
15-Nov-17,330.59,334.28,339.61,321.5,584.66,-0.011,7283.2,6597.1,7330.1,6596.9,131.12,0.104
16-Nov-17,330.76,330.59,335.11,321.18,521.94,0.0005,7853.7,7283,7964.6,7119.2,133.94,0.0783
17-Nov-17,331,331.16,335.01,325,530.71,0.0007,7700,7853.7,8000.2,7534.7,117.35,-0.0196
18-Nov-17,346.68,331,350.4,325.32,518.81,0.0474,7780.9,7700,7857.5,7458.9,74.38,0.0105
19-Nov-17,354.7,346.68,371,343.28,618.02,0.0231,8042.6,7781,8100.9,7675.4,68.62,0.0336
20-Nov-17,367.94,354.7,373.7,352.03,519.57,0.0373,8244.7,8042.6,8294.1,7947.3,75.7,0.0251
21-Nov-17,360,367.94,373.5,350,696.99,-0.0216,8100,8245.9,8368.4,7819.1,115.45,-0.0176
22-Nov-17,380.48,360,381.89,358.8,486.17,0.0569,8234.5,8099.9,8304.4,8091.6,65.81,0.0166
23-Nov-17,405.19,380.48,426.27,374.34,925,0.0649,8013.4,8234.5,8266.5,8012.4,68.01,-0.0269
24-Nov-17,470.51,405.19,478.5,397.37,903.7,0.1612,8200.8,8013.4,8332.9,7900.2,73,0.0234
25-Nov-17,464,469.89,481.99,454.4,589.72,-0.0138,8754.7,8203.5,8762,8153.7,84.67,0.0675
26-Nov-17,464,464,464,464,,0,9318.4,8754.6,9474.6,8746.6,85.89,0.0644
27-Nov-17,473.44,464,491.89,458.25,671.2,0.0203,9733.2,9318.4,9733.6,9316.8,106.9,0.0445
28-Nov-17,465.56,473.44,479,457.2,538.34,-0.0166,9906,9732.6,9969.6,9638.2,87.76,0.0178
29-Nov-17,420.34,465.56,517,403.01,801.26,-0.0971,9837.9,9906,11417.8,8938.7,233.33,-0.0069
30-Nov-17,432.21,420.34,454.95,385.4,785.98,0.0282,9946.8,9848,10689.1,9023.8,187.01,0.0111
1-Dec-17,460.67,432.21,467,413.96,594.1,0.0658,10861.5,9947.1,10942.8,9420.9,131.92,0.092
2-Dec-17,455.51,460.67,472,447,473.67,-0.0112,10912.7,10861.5,11175.2,10715.5,86.83,0.0047
3-Dec-17,459.49,455.51,482.69,431.04,482.91,0.0087,11246.2,10912.7,11851.1,10578.4,122.13,0.0306
4-Dec-17,465,459.49,471.06,439.27,431.18,0.012,11623.9,11244.2,11624.6,10917.8,93.17,0.0336
5-Dec-17,451.87,465,467.38,444.17,656.34,-0.0282,11667.1,11624.4,11901.9,11486.1,89.69,0.0037
6-Dec-17,413.71,451.87,454.23,403,1.29,-0.0844,13749.6,11667.1,13843.2,11661.8,191.58,0.1785
7-Dec-17,415.02,413.71,429,390,1.13,0.0032,16850.3,13750.1,16879.3,13401.6,297.11,0.2255
8-Dec-17,442.19,415.02,453.61,400.34,1.12,0.0655,16047.6,16868,17294.8,13906.1,286.76,-0.0476
9-Dec-17,460.92,442.19,487.8,441,1.13,0.0424,14843.4,16048.2,16313.2,13151.5,181.98,-0.075
10-Dec-17,429.24,460.92,460.92,413.3,875.79,-0.0687,15059.6,14840,15783.2,13031,201.62,0.0146
11-Dec-17,515.25,429.24,531.2,429.14,784.74,0.2004,16732.5,15060.5,17399.2,15024.6,159.73,0.1111
12-Dec-17,634.87,515.25,646.92,497.75,1.49,0.2322,17083.9,16733.3,17560.7,16254.5,132.85,0.021
13-Dec-17,690.69,634.87,742,573,2.4,0.0879,16286.8,17083.9,17268,15669.9,155.41,-0.0467
14-Dec-17,686.51,690.69,760,651,1.73,-0.0061,16467.9,16286.8,16941.1,16023.6,107.92,0.0111
15-Dec-17,678.29,686.51,698.31,610,1.26,-0.012,17604.8,16467.9,17987,16442.2,153.65,0.069
16-Dec-17,683.25,678.29,711.96,672.51,703.29,0.0073,19345.5,17594.1,19587.7,17318.5,112.17,0.0989
17-Dec-17,708.78,683.25,725,683.24,737.16,0.0374,19065.7,19346.6,19870.6,18750.9,117.41,-0.0145
18-Dec-17,783.99,708.78,798.9,660,1.47,0.1061,18972.3,19065.7,19221.1,18114.4,139.25,-0.0049
19-Dec-17,799.98,783.99,863,750.01,1.81,0.0204,17523.7,18971.2,19022,16812.8,174.54,-0.0764
20-Dec-17,794.99,799.98,826.2,709,1.48,-0.0062,16462,17521.7,17813.6,15642.7,227.68,-0.0606
21-Dec-17,786.97,794.99,848.08,747.1,1.2,-0.0101,15632.1,16461.1,17301.8,14953,163.74,-0.0504
22-Dec-17,628.19,786.97,792,492.01,2.73,-0.2018,13665,15632.1,15823.7,10875.7,466.98,-0.1258
23-Dec-17,672.59,628.19,717,616.19,842.43,0.0707,14396.5,13665,15493.2,13356.1,170.17,0.0535
24-Dec-17,659.89,672.59,675,560,1.09,-0.0189,13790,14396.6,14413.7,12166.5,182.42,-0.0421
25-Dec-17,709.81,659.89,737,651.76,764.73,0.0756,13833.5,13790,14467.4,13010.7,107.48,0.0032
26-Dec-17,749.8,709.81,749.8,708.83,521.74,0.0563,15756.6,13830.2,16094.7,13748.5,143.14,0.139
27-Dec-17,736.45,749.8,766.06,703.27,587.33,-0.0178,15416.6,15757,16514.6,14534.7,138.71,-0.0216
28-Dec-17,711.42,736.45,740.3,652,893.82,-0.034,14398.7,15416.3,15505.5,13466.1,170.37,-0.066
29-Dec-17,731.52,711.42,755,703.02,716.87,0.0283,14392.6,14398.5,15109.8,13951.1,118.88,-0.0004
30-Dec-17,682.22,731.52,737.56,640.43,936.94,-0.0674,12531.5,14392.1,14461.5,11962.1,182.07,-0.1293
31-Dec-17,736.77,682.22,741.99,675.56,536.84,0.08,13850.4,12532.4,14241.8,12359.4,111.27,0.1052
1-Jan-18,752.46,736.77,762,717.94,425.46,0.0213,13444.9,13850.5,13921.5,12877.7,78.43,-0.0293
2-Jan-18,858.78,752.46,890,752.46,1.47,0.1413,14754.1,13444.9,15306.1,12934.2,137.73,0.0974
3-Jan-18,942.01,858.78,954.73,840,1.09,0.0969,15156.6,14754.1,15435,14579.7,106.54,0.0273
4-Jan-18,940,942.01,997,893.24,1.22,-0.0021,15180.1,15156.5,15408.7,14244.7,110.97,0.0015
5-Jan-18,962.77,939.3,1023.6,930,1.04,0.0242,16954.8,15180.1,17126.9,14832.4,141.96,0.1169
6-Jan-18,1004.3,962.77,1014.2,951.38,447.26,0.0431,17172.3,16954.8,17252.8,16286.6,83.93,0.0128
7-Jan-18,1115.8,1004.3,1116,999.5,699.39,0.111,16228.2,17174.5,17184.8,15791.1,79.01,-0.055
8-Jan-18,1129.3,1115.9,1225,968.12,1.54,0.0121,14976.2,16228.3,16302.9,13902.3,142.45,-0.0771
9-Jan-18,1283.7,1129.4,1299,1119.1,1.04,0.1367,14778.5,14976.2,15324.6,14613.4,71.4,-0.0132
10-Jan-18,1248,1285.7,1381.9,1203.2,1.33,-0.0278,15043,14778.5,15045.4,13613.1,87.07,0.0179
11-Jan-18,1135.5,1245.9,1331.8,1102.5,1.26,-0.0901,13535.4,15046.7,15109.1,13048.3,167.81,-0.1002
12-Jan-18,1257.2,1135.1,1285,1083.4,732.33,0.1072,13886.7,13529.2,14176.4,13410,82.37,0.026
13-Jan-18,1380,1257,1423.2,1252.6,709.74,0.0977,14292.2,13896,14640.7,13888.2,61.14,0.0292
14-Jan-18,1350,1379.9,1385,1256,618.61,-0.0217,13695.2,14291.9,14446.1,13094.7,85.12,-0.0418
15-Jan-18,1273.4,1349.9,1377.9,1264.4,481.87,-0.0567,13697.5,13695.5,14396.6,13475.4,73.27,0.0002
16-Jan-18,1020.1,1275.8,1278.8,868.98,2.35,-0.1989,11362,13704.4,13711,10050.7,317.1,-0.1705
17-Jan-18,1017.5,1019.6,1088.3,770.1,2.4,-0.0025,11192.3,11357.7,11769.6,9271.3,361.8,-0.0149
18-Jan-18,994.81,1020.1,1079,940,1.31,-0.0223,11245.4,11202,12004.7,10660.2,242.45,0.0047
19-Jan-18,1032.6,993.92,1079,960.1,612.19,0.038,11580.2,11229.6,11973.2,10901.5,170.74,0.0298
20-Jan-18,1146,1032.6,1160,1029.6,573.52,0.1098,12858.9,11579.2,13082.2,11567.3,143.9,0.1104
21-Jan-18,1047,1146.3,1146.3,1001.5,691.69,-0.0864,11594.9,12857.1,12860.2,11164.5,206.96,-0.0983
22-Jan-18,995.08,1047,1084.1,912.76,835.88,-0.0496,10864.8,11597.5,11970.9,10136.8,201.73,-0.063
23-Jan-18,982.98,995.26,1022,905.38,798.28,-0.0122,10903.2,10869,11438,10056.6,188.37,0.0035
24-Jan-18,1063.2,982.11,1068.8,952.04,606.14,0.0816,11452.3,10899.4,11549.5,10584.5,136.06,0.0504
25-Jan-18,1048.2,1061.8,1102.4,1025.1,567.3,-0.0141,11203,11439.9,11740.9,10983.8,181.81,-0.0218
26-Jan-18,1047,1048.2,1078.6,983,485.47,-0.0011,11118.1,11203.1,11655.3,10389.4,253.91,-0.0076
27-Jan-18,1114.8,1046.9,1125.3,1031.6,370.17,0.0648,11467.5,11118,11621.7,10908.4,163.49,0.0314
28-Jan-18,1246.6,1114.7,1264.8,1109,662.74,0.1182,11795.1,11471.2,12112.7,11433.3,154.63,0.0286
29-Jan-18,1175,1245.5,1259.8,1155.9,488.44,-0.0574,11244.8,11794.9,11888.1,11119,137.42,-0.0467
30-Jan-18,1071.9,1174.36,1178.92,1042.9,1.42,-0.0877,10166,11244.5,11277.2,9917.7,264.72,-0.0959
31-Jan-18,1118.08,1072.17,1126.87,1028.03,990.74,0.0431,10265.4,10166.3,10397.7,9742.2,208.47,0.0098
1-Feb-18,1033.55,1118.15,1157.09,970.42,1.76,-0.0756,9181.1,10266.2,10303,8789.2,358.4,-0.1056
2-Feb-18,920.85,1033.02,1036.17,766.82,3.03,-0.109,8893.2,9179.8,9201.4,7915.8,519.4,-0.0314
3-Feb-18,971.49,920.93,997.51,850.38,1.07,0.055,9241.1,8894.4,9506.9,8249.3,248.71,0.0391
4-Feb-18,829.43,971.49,972.66,788.79,1.34,-0.1462,8222.2,9241.5,9382.1,7932.1,280.94,-0.1103
5-Feb-18,696.86,828.49,859.72,634.64,2.99,-0.1598,6938.5,8220.8,8383.2,6651.9,593.89,-0.1561
6-Feb-18,783.83,696.75,797.94,568.78,4.29,0.1248,7701.2,6939.3,7896.2,5996.6,886.88,0.1099
7-Feb-18,753.18,782.72,852.98,719.34,1.98,-0.0391,7594.7,7693.8,8536.5,7196.6,445.62,-0.0138
8-Feb-18,805.4,752.75,831.02,751.76,1.25,0.0693,8164.2,7595.1,8489.9,7595.1,296.1,0.075
9-Feb-18,877.85,805.15,879.51,781.97,923.81,0.09,8699.8,8163.6,8735.6,7784.6,233.94,0.0656
10-Feb-18,851.39,877.88,908.26,816.72,1.05,-0.0301,8559.6,8697.3,9066.6,8172.2,263.53,-0.0161
11-Feb-18,810.45,851.44,854.1,778.9,988.45,-0.0481,8081.9,8559.7,8564.2,7843.7,236.2,-0.0558
12-Feb-18,865.62,811.01,875.52,810.99,837.42,0.0681,8903.5,8083.6,8984.9,8083.6,238.67,0.1017
13-Feb-18,841.38,865.72,868.92,822.98,733.53,-0.028,8539.2,8906.2,8942.7,8378,195.87,-0.0409
14-Feb-18,919.67,841.38,922.38,840.82,993.86,0.093,9476.3,8542.6,9500,8541.6,246.88,0.1097
15-Feb-18,927.56,919.53,945.99,902.56,952.23,0.0086,10037.3,9475.6,10206.8,9348.5,291.28,0.0592
16-Feb-18,937.5,927.34,945.68,907.33,662.76,0.0107,10178.7,10031.3,10294.3,9707.7,206.44,0.0141
17-Feb-18,971.54,937.35,972.86,934.49,648.32,0.0363,11073.5,10177.3,11095.9,10070.9,224.76,0.0879
18-Feb-18,913.1,971.57,980.27,903.28,869.06,-0.0602,10398.8,11073.7,11271.6,10137.2,288.91,-0.0609
19-Feb-18,940.08,913.09,954.94,910.29,552.22,0.0295,11169.4,10396.6,11250.5,10324.8,215.2,0.0741
20-Feb-18,884.51,940.04,959.41,877.65,788.97,-0.0591,11238.7,11169.7,11791.5,11119.9,267.56,0.0062
21-Feb-18,839.1,884.94,906.43,818.48,1.01,-0.0513,10473,11240.9,11289.7,10252.2,327.14,-0.0681
22-Feb-18,803.66,838.97,878.14,789.92,849.82,-0.0422,9841.7,10470.1,10930.2,9743.9,316.63,-0.0603
23-Feb-18,856.65,803.56,882.61,787.95,868.36,0.0659,10170.4,9840.6,10419.1,9597.8,271.5,0.0334
24-Feb-18,834.36,854.99,874.49,810.91,669.62,-0.026,9704.3,10163.8,10506.1,9394.5,239.16,-0.0458
25-Feb-18,840.88,834.1,849.36,818.46,507.82,0.0078,9585.2,9703.1,9860.3,9330.1,196.49,-0.0123
26-Feb-18,866.99,841.28,879.18,835.34,619.75,0.0311,10285.1,9590.9,10378.4,9410.3,235.94,0.073
27-Feb-18,871.44,867.06,894.78,861.4,569.3,0.0051,10594.4,10287.8,10867.2,10120.5,202.58,0.0301
28-Feb-18,852.49,871.58,888.06,850.84,550.74,-0.0217,10333.9,10584.4,11070.7,10303.4,215.22,-0.0246
1-Mar-18,870.04,852.44,879.53,848.41,514.5,0.0206,10904.5,10335.1,11047.8,10248.7,188.77,0.0552
2-Mar-18,856.09,870.51,875.69,850.47,463.75,-0.016,10827.7,10904.5,11167,10677.1,201.69,-0.007
3-Mar-18,855.91,855.46,868.51,853.45,407.54,-0.0002,11402.3,10822.5,11420.7,9585.5,172.2,0.0531
4-Mar-18,865.53,855.91,867.35,838.06,444.49,0.0112,11416.5,11402.8,11490.3,10878.4,156.4,0.0012
5-Mar-18,850.24,865.53,870.27,850.24,466.38,-0.0177,11330.6,11415.7,11506.9,11281.2,162.11,-0.0075
6-Mar-18,814.88,850,851.72,803.9,578.56,-0.0416,10675.1,11314.2,11316.4,10412,230.65,-0.0578
7-Mar-18,749.98,814.56,824.83,724.98,945.38,-0.0796,9902.9,10779,10899,9422.1,284.54,-0.0723
8-Mar-18,698.96,750.09,772.23,689.41,850.15,-0.068,9300,9910.7,10109,9037,256.26,-0.0609
9-Mar-18,725.89,698.91,728.83,644.46,1.13,0.0385,9217,9301.9,9420.5,8351,371.46,-0.0089
10-Mar-18,682.52,725.7,746.13,678.46,673.8,-0.0597,8762,9216.2,9500,8691.1,198.73,-0.0494
11-Mar-18,720.12,682.77,733.33,664.53,690.94,0.0551,9529.6,8732.2,9719.6,8516.4,266.59,0.0876
12-Mar-18,697.04,720.12,739.25,678.27,664.59,-0.032,9137.4,9535.8,9892.2,8804.1,257.91,-0.0412
13-Mar-18,689.57,697.06,713.8,680.01,558.73,-0.0107,9154.9,9138.7,9482,8875.1,239.46,0.0019
14-Mar-18,612.09,689.67,702.53,587.1,990.48,-0.1124,8210.6,9154.9,9353.4,7958.5,305.45,-0.1032
15-Mar-18,610.13,612.08,620.01,572.69,991.89,-0.0032,8264.4,8210.2,8427,7691.7,326.53,0.0066
16-Mar-18,600.79,610.36,625.34,585.84,695.58,-0.0153,8289.2,8264.3,8604.8,7929.1,236.13,0.003
17-Mar-18,550.27,600.48,609.48,544.51,777.54,-0.0841,7874.9,8198,8344.8,7760.2,208.05,-0.05
18-Mar-18,536.72,549.96,559.19,454.9,2.56,-0.0246,8201.2,7873.2,8283.6,7323.3,348.02,0.0414
19-Mar-18,556.16,536.72,558.33,516.31,1.46,0.0362,8616.8,8200.9,8698.3,8127.7,316.96,0.0507
20-Mar-18,557.08,555.75,566.63,517.02,1.16,0.0017,8912.6,8614.1,9039.6,8326.8,253.44,0.0343
21-Mar-18,560.24,557.09,589.83,545.87,1.01,0.0057,8905.9,8912.4,9173.4,8775.1,218.19,-0.0008
22-Mar-18,539.87,559.9,577.63,517.81,887.95,-0.0363,8726.2,8903.7,9096.2,8499.1,223.01,-0.0202
23-Mar-18,543.42,539.9,543.51,508.36,871.89,0.0066,8916.8,8725.3,8917,8305.6,210.11,0.0218
24-Mar-18,520.45,543.15,545.15,520.05,554.62,-0.0423,8547.4,8917.3,9008.8,8523.6,177.43,-0.0414
25-Mar-18,523.5,520.44,535.11,513.05,495.85,0.0059,8473.2,8549.1,8679,8392.2,149.52,-0.0087
26-Mar-18,485.98,523.46,526.22,467.46,1.15,-0.0717,8143.5,8474,8515.7,7865.9,247.18,-0.0389
27-Mar-18,448.48,485.97,491.77,446.7,1.31,-0.0772,7801.7,8146.5,8218.3,7760.6,223.1,-0.042
28-Mar-18,446.84,448.73,465.09,440.84,918.12,-0.0037,7954.9,7803,8110.4,7754.5,167.36,0.0196
29-Mar-18,384.12,446.86,449.33,380.85,2.01,-0.1403,7129.2,7955.2,7980.7,6954.9,348.75,-0.1038
30-Mar-18,393.79,384.13,411.17,366.12,1.96,0.0252,6853.7,7132.4,7288.1,6603.8,417.31,-0.0386
31-Mar-18,393.96,393.75,419.07,390.09,1.21,0.0004,6938.2,6856.5,7221.5,6804.9,245.3,0.0123
1-Apr-18,378.75,394.1,399.46,359.49,1.24,-0.0386,6825.2,6939.1,7047.7,6460.1,257.53,-0.0163
2-Apr-18,385.07,378.85,393.94,375.67,824.81,0.0167,7068.4,6825.4,7121.3,6787.6,199.31,0.0356
3-Apr-18,415.55,385.02,418.78,380.89,1.06,0.0792,7424.2,7067.2,7519.3,7032.9,230.8,0.0503
4-Apr-18,378.68,415.58,416.38,371.35,1.12,-0.0887,6808.9,7423.8,7432.9,6726.9,239.51,-0.0829
5-Apr-18,381.52,378.62,386.91,367.21,903.27,0.0075,6782,6808.7,6918.2,6592.5,221.7,-0.004
6-Apr-18,369.97,381.69,385.7,363.83,700.8,-0.0303,6624.3,6783.7,6859.7,6523.4,174.9,-0.0233
7-Apr-18,384.87,369.97,394.66,369.41,600.4,0.0403,6905.7,6624.5,7071.9,6616.1,177.1,0.0425
8-Apr-18,400.71,384.85,403.71,384.85,569.26,0.0412,7030.5,6905.9,7113.4,6903.9,132.51,0.0181
9-Apr-18,399.05,400.67,430.85,388.05,1.3,-0.0041,6781.9,7035.7,7192.5,6633.2,241.19,-0.0354
10-Apr-18,415.45,399.04,417.84,391.81,709.22,0.0411,6854.8,6782.6,6899.5,6671.6,134.23,0.0108
11-Apr-18,430.14,415.43,433.25,412.35,827.17,0.0354,6962.1,6855.6,6988.6,6818.4,142.07,0.0156
12-Apr-18,494.03,430.13,498.13,414.07,1.86,0.1485,7926.6,6963.3,8009.6,6779.3,398.3,0.1385
13-Apr-18,493.48,494.25,528.71,482.19,1.67,-0.0011,7887.4,7926.9,8228,7756.6,296.95,-0.0049
14-Apr-18,502.52,494.36,514.14,486.89,924.64,0.0183,8004.4,7891.1,8180.2,7839.3,164.71,0.0148
15-Apr-18,533.9,502.52,534.18,502.52,988.29,0.0624,8363.6,8004.6,8411.5,8004.6,160.26,0.0449
16-Apr-18,511.82,533.89,537.32,498.87,1.03,-0.0414,8070,8362.2,8412.9,7908.5,197.7,-0.0351
17-Apr-18,503.19,511.75,520.86,501.73,826.71,-0.0169,7908.6,8070,8171.7,7852.8,162.59,-0.02
18-Apr-18,525.66,503.24,526.41,502.02,759.15,0.0447,8178.4,7908.5,8227.6,7895.3,163.26,0.0341
19-Apr-18,567.49,525.74,570.15,522.15,1.04,0.0796,8290.8,8179,8303.7,8126.7,155.08,0.0137
20-Apr-18,617.04,567.7,620.58,558.27,1.42,0.0873,8867,8292.3,8926.2,8224.5,225.96,0.0695
21-Apr-18,605.59,617.1,623.86,574.73,1.23,-0.0186,8923.1,8867,9027.7,8614.5,206.01,0.0063
22-Apr-18,622.23,605.58,643.58,591.78,1.02,0.0275,8806.7,8923.6,9022.3,8766.5,161.89,-0.013
23-Apr-18,644.13,622.01,648.58,619.81,859.64,0.0352,8952.8,8809.3,9001,8785.3,147.54,0.0166
24-Apr-18,703.02,644.08,711.74,644.05,1.48,0.0914,9645.3,8952.7,9734.8,8937,260.79,0.0773
25-Apr-18,617.36,702.94,703.25,594.98,2.72,-0.1218,8873.1,9645,9753.1,8768.1,395.67,-0.0801
26-Apr-18,662.36,617.37,665.2,600.69,1.37,0.0729,9287,8874.5,9303.6,8669.8,248.39,0.0467
27-Apr-18,643.97,661.65,685.54,641.84,1.06,-0.0278,8940.9,9282.8,9386.3,8920.2,184.91,-0.0373
28-Apr-18,683.49,643.96,693.79,640.92,871.55,0.0614,9352.4,8940.8,9428.9,8895.5,199.78,0.046
29-Apr-18,689.9,683.49,700.05,669.15,856.12,0.0094,9415.1,9352.2,9565.1,9182.8,184.72,0.0067
30-Apr-18,670.07,689.83,693.85,664.03,913.86,-0.0287,9245.1,9415.8,9456.7,9135.4,156.83,-0.018
1-May-18,671.26,670.12,674.36,630.33,1.03,0.0018,9074.9,9245.1,9245.1,8851,173.35,-0.0184
2-May-18,688.15,671.31,690.97,664.29,873.98,0.0252,9243.2,9076.8,9265.7,8991.9,137.48,0.0185
3-May-18,778.95,688.23,788.61,686.79,1.55,0.1319,9749.7,9244.2,9809.4,9171.4,201.18,0.0548
4-May-18,785.2,778.97,806.9,760.1,1.24,0.008,9708.6,9747.6,9800.9,9549,161.55,-0.0042
5-May-18,818.33,785.29,830.03,782.18,1,0.0422,9853.5,9709.5,9992.8,9691.3,158.45,0.0149
6-May-18,793.19,818.75,838.26,755.09,1.16,-0.0307,9656.4,9859.6,9957.7,9446.7,150.95,-0.02
7-May-18,754.03,793.29,797.3,700.4,2.12,-0.0494,9431.6,9651.1,9675.6,9204.2,165.08,-0.0233
8-May-18,748.48,759.35,761.43,721.49,1.14,-0.0074,9196.4,9373.9,9404.4,9079.8,157.45,-0.0249
9-May-18,751.62,747.98,759.71,711.49,1.07,0.0042,9319.1,9194.9,9377.9,8988,147.89,0.0133
10-May-18,724.4,751.98,768.24,723.39,983.14,-0.0362,9025.7,9319.2,9393.3,9013.4,152.71,-0.0315
11-May-18,676.21,724.36,736.58,665.81,1.63,-0.0665,8408.3,9026,9028.7,8359.6,270.62,-0.0684
12-May-18,683.94,676.97,689.83,635.23,1.34,0.0114,8459.5,8409.6,8646.1,8184.1,210.87,0.0061
13-May-18,729.37,684.77,739.67,669.2,1.01,0.0664,8693.5,8489.1,8758.4,8330,149.8,0.0277
14-May-18,727.06,729.41,741.52,687.16,1.39,-0.0032,8674.1,8693.4,8878.3,8305.1,212.05,-0.0022
15-May-18,705.73,727.06,738.71,696.63,1.03,-0.0293,8477,8674,8842.1,8436.5,179.62,-0.0227
16-May-18,706.53,705.73,710.49,667.51,978.18,0.0011,8344.4,8477,8496.4,8120.1,188.03,-0.0156
17-May-18,668.97,706.53,718.5,663.91,953.69,-0.0532,8063,8344.6,8458.7,8022.3,154.36,-0.0337
18-May-18,693.28,668.98,694.24,658.25,906.93,0.0363,8245.7,8064.4,8273.6,7939.8,150.32,0.0227
19-May-18,696.76,693.28,716.51,683.38,732.31,0.005,8245.1,8244.7,8389.1,8153.2,107.89,-0.0001
20-May-18,716.02,696.73,722.92,688.7,702.63,0.0277,8529,8243.9,8580.4,8184.7,113.76,0.0344
21-May-18,696.85,716.02,718.06,694.07,590.69,-0.0268,8403.3,8529.5,8550.6,8375.5,115.52,-0.0147
22-May-18,642.17,696.84,698.48,639.2,928.09,-0.0785,8006,8403.8,8414.5,7979.3,137.51,-0.0473
23-May-18,577.55,642.02,649.85,564.74,1.78,-0.1006,7512.3,8005.7,8047.4,7467.6,237.6,-0.0617
24-May-18,602.43,577.52,609.39,547.39,1.56,0.0431,7592.9,7512.3,7736.6,7293.4,211.11,0.0107
25-May-18,585.39,602.4,616.48,569.77,1.08,-0.0283,7477.7,7593.9,7653.4,7355.6,161.82,-0.0152
26-May-18,586.76,585.39,606.26,579.36,651.25,0.0024,7361.3,7478.5,7619.3,7331.5,103.07,-0.0156
27-May-18,570.69,586.63,591.48,558.44,892.94,-0.0274,7366.7,7361.9,7411.8,7267.5,103.29,0.0007
28-May-18,512.29,570.67,575,507.72,1.5,-0.1023,7119.3,7367.3,7446.9,7090.6,152.29,-0.0336
29-May-18,566.81,512.32,572.71,511.94,1.38,0.1064,7467.7,7119.3,7533,7069.8,186.97,0.0489
30-May-18,557.98,566.86,584.9,543.16,1.06,-0.0156,7400.1,7469.2,7565.2,7306.8,140.37,-0.0091
31-May-18,577.87,557.96,586.15,554.96,922.24,0.0356,7502.6,7400.8,7611.9,7355,144.52,0.0139
1-Jun-18,579.3,577.87,589.55,565.69,861.91,0.0025,7530.8,7502.5,7610.4,7375.8,135.92,0.0038
2-Jun-18,591.3,579.34,598.78,574.8,808.42,0.0207,7646.6,7530.8,7694.5,7467.9,121.18,0.0154
3-Jun-18,619.08,591.33,627.51,590.81,764.93,0.047,7729.3,7646.6,7775,7611.3,116.68,0.0108
4-Jun-18,591.44,619.09,624.81,580.71,809.8,-0.0446,7504.3,7729.3,7759.9,7468.4,141.01,-0.0291
5-Jun-18,608.83,591.44,613,577.53,829.99,0.0294,7631.5,7507.4,7672.6,7391,145.23,0.0169
6-Jun-18,606.39,608.83,611.63,593.98,700.74,-0.004,7661,7631.5,7699.1,7504.4,130.66,0.0039
7-Jun-18,604.71,606.39,616.52,600.29,843.32,-0.0028,7697.8,7661,7754.7,7657.7,124,0.0048
8-Jun-18,599.67,604.71,608.32,593.74,622.54,-0.0083,7622.1,7697.9,7710.5,7556.9,112.88,-0.0098
9-Jun-18,593.8,599.67,608.65,592.54,534.16,-0.0098,7515.8,7622.1,7689,7493.3,97.56,-0.014
10-Jun-18,524.64,593.8,593.82,503.43,1.49,-0.1165,6775.1,7515.8,7516.3,6668.1,275.69,-0.0985
11-Jun-18,531.42,524.64,535.63,510.29,1.21,0.0129,6885.9,6775.2,6910.8,6657.2,174.88,0.0164
12-Jun-18,494.48,531.4,538.16,484.99,1.24,-0.0695,6558.2,6885.9,6887.2,6476,178.26,-0.0476
13-Jun-18,476.17,494.6,501.64,450.67,1.56,-0.037,6312.3,6558.5,6624.6,6129.1,237.48,-0.0375
14-Jun-18,519.49,476.17,525.21,461.62,1.7,0.091,6647.1,6312.3,6711.5,6283.6,201.54,0.053
15-Jun-18,487.88,519.49,520.73,483.99,1.25,-0.0609,6410.3,6647.3,6655.8,6395.7,143.53,-0.0356
16-Jun-18,496.93,487.88,502.47,484.89,749.09,0.0186,6505.8,6410,6564.2,6358,108.79,0.0149
17-Jun-18,496.43,496.95,507.19,494.73,604.79,-0.001,6460.3,6505.8,6593,6452.1,90.67,-0.007
18-Jun-18,517.91,496.47,523.95,489.16,842.05,0.0433,6719.8,6460.5,6794.5,6410.9,135.7,0.0402
19-Jun-18,538.22,517.91,547.5,514.88,985.96,0.0392,6752.4,6719.8,6839.5,6681.5,120.54,0.0049
20-Jun-18,536.31,538.22,541.08,517.42,873.14,-0.0036,6765.4,6752.3,6812.7,6575.1,121.48,0.0019
21-Jun-18,526.01,536.31,544.71,522.47,774.03,-0.0192,6728,6765.8,6797.5,6695.1,99.29,-0.0055
22-Jun-18,462.57,525.97,526.26,450.72,1.74,-0.1206,6055.7,6728.2,6739.7,5955,278.22,-0.0999
23-Jun-18,474.14,462.58,482.42,456.46,1.22,0.025,6167.3,6055.2,6259,6032.8,142.9,0.0184
24-Jun-18,454.81,474.14,475.74,419.56,2.64,-0.0408,6154.6,6167.9,6248.3,5785.3,240.6,-0.0021
25-Jun-18,458.76,454.81,472.54,437.08,4.41,0.0087,6256.6,6155.1,6331.2,6101.7,210.69,0.0166
26-Jun-18,430.33,458.76,459.96,429.87,5.31,-0.062,6082.1,6256.9,6267.7,6060,176.66,-0.0279
27-Jun-18,442.16,430.32,445.38,423.01,2.02,0.0275,6154.9,6081.1,6187.3,6025.4,133.42,0.012
28-Jun-18,421.27,442.16,443.32,418.62,1.66,-0.0473,5883.5,6154.9,6178.4,5854,156.05,-0.0441
29-Jun-18,435.37,421.23,441.29,406.12,1.78,0.0335,6213.3,5883.2,6284.9,5818.5,206.96,0.0561
30-Jun-18,452.67,434.92,457.49,433.46,1.82,0.0397,6398.9,6213.4,6498.5,6204,189.33,0.0299
1-Jul-18,452.57,452.72,456.02,445.06,1.67,-0.0002,6366.8,6398.5,6445.1,6284.7,128.51,-0.005
2-Jul-18,475.7,452.57,479.94,442.29,1.91,0.0511,6619.5,6349.1,6680,6275,179.92,0.0397
3-Jul-18,461.89,475.73,483.93,460.63,1.72,-0.029,6513.5,6618.6,6676.6,6513.5,150.19,-0.016
4-Jul-18,467.52,461.9,480.69,453.94,1.28,0.0122,6598.4,6513.8,6774.5,6442.3,143.04,0.013
5-Jul-18,468.47,467.58,478.59,459.68,1.74,0.002,6546.5,6598,6693.6,6466.1,166.18,-0.0079
6-Jul-18,469.9,468.47,474.58,455.05,1.75,0.003,6617.7,6546.5,6638.2,6458.3,132.69,0.0109
7-Jul-18,485.4,469.91,486.18,464.29,1.62,0.033,6765.5,6617.7,6805.9,6531.1,114.57,0.0223
8-Jul-18,486.45,485.4,494.03,482.24,2.16,0.0022,6714.8,6765.4,6784,6694.3,267.6,-0.0075
9-Jul-18,471.52,486.41,488.1,469.93,1.2,-0.0307,6667.1,6715.1,6793.8,6637.7,289.48,-0.0071
10-Jul-18,432.67,471.77,473.36,429.39,1.62,-0.0824,6307.2,6668.4,6686.8,6291.5,315.27,-0.054
11-Jul-18,445.99,432.67,447.62,425.6,1.05,0.0308,6389.1,6307.2,6409.7,6296.6,243.82,0.013
12-Jul-18,430.84,445.96,446.27,418.71,1.55,-0.034,6250.6,6389.1,6389.4,6088.8,289.24,-0.0217
13-Jul-18,432.85,430.86,442.02,425.77,1.24,0.0047,6230.2,6250.8,6333.8,6144.5,233.22,-0.0033
14-Jul-18,434.09,432.88,439.94,429.89,932.65,0.0029,6254.8,6229.5,6313.5,6192.5,243.71,0.004
15-Jul-18,450.81,434.09,455.68,432.59,916.02,0.0385,6362.9,6254.8,6399.6,6238.5,180.67,0.0173
16-Jul-18,479.79,450.87,480.84,446.14,1.42,0.0643,6729.9,6362.8,6749.2,6344.1,312.12,0.0577
17-Jul-18,499.87,479.68,511.54,467.33,1.7,0.0418,7322,6729.8,7453.2,6666,337.75,0.088
18-Jul-18,480,499.86,515.2,470.91,1.52,-0.0397,7383.6,7321.6,7581.2,7249.3,333.32,0.0084
19-Jul-18,469.47,480,484,463.94,1.21,-0.0219,7477.5,7383.9,7558.4,7288.8,247.25,0.0127
20-Jul-18,449.38,469.48,469.74,441.74,1.52,-0.0428,7339.4,7477.6,7683.6,7292,258.85,-0.0185
21-Jul-18,461.52,449.44,468.95,443.04,972.66,0.027,7408.7,7339.3,7460.8,7223.5,160.77,0.0095
22-Jul-18,459.02,461.51,472.88,456.35,918.81,-0.0054,7412.3,7409,7575.3,7343.7,204.16,0.0005
23-Jul-18,450.56,459.02,470.37,448.14,1.32,-0.0184,7723,7412.4,7809.6,7379.2,272.15,0.0419
24-Jul-18,479.88,450.58,484.3,449.44,1.59,0.0651,8407,7723.1,8479.8,7701.9,345.32,0.0886
25-Jul-18,472.03,479.78,484.97,464.75,1.38,-0.0164,8173.7,8404.9,8484.6,8062.1,269.23,-0.0278
26-Jul-18,462.75,472.03,484.59,460.61,1.11,-0.0197,7937,8173.9,8304.3,7861,235.45,-0.029
27-Jul-18,470.23,462.79,473.58,457.36,1.17,0.0162,8187.4,7936.9,8273.8,7808.3,243.22,0.0315
28-Jul-18,468.78,470.24,471.47,461.55,1.07,-0.0031,8234.1,8186.8,8234.1,8077.4,147.14,0.0057
29-Jul-18,466.41,468.89,471.78,462.04,1.04,-0.0051,8215.6,8231.5,8275.4,8113.3,155.24,-0.0022
30-Jul-18,456.64,466.41,468.6,447.06,1.38,-0.0209,8177.1,8214.7,8262,7874.4,242.21,-0.0047
31-Jul-18,431.5,456.65,457.33,427.81,1.52,-0.0551,7729.4,8176.4,8176.5,7649.8,266.94,-0.0548
1-Aug-18,420.3,431.88,434.43,407.96,1.64,-0.026,7606.4,7728.5,7753.2,7449.2,237.69,-0.0159
2-Aug-18,411,420.33,424.51,408.21,1.32,-0.0221,7535.6,7606.4,7701.4,7470.6,216.34,-0.0093
3-Aug-18,417.58,411,419.74,398.1,1.43,0.016,7419,7535.6,7535.6,7293.5,226.46,-0.0155
4-Aug-18,407.09,417.58,419.7,402.52,1.14,-0.0251,7014.3,7418.9,7484.2,6949.7,222.57,-0.0546
5-Aug-18,408.85,407.11,412.51,401.22,1.02,0.0043,7027.1,7014,7087.6,6887.9,177.64,0.0018
6-Aug-18,405.4,408.81,413.4,401.66,1.02,-0.0084,6943.6,7027.8,7143.6,6852.5,168.87,-0.0119
7-Aug-18,378.25,405.38,410.57,370.06,1.63,-0.067,6724.9,6943.6,7149.7,6689.9,232.48,-0.0315
8-Aug-18,355.44,378.29,380.15,348.98,2.05,-0.0603,6283.6,6725.2,6725.2,6138.8,311.54,-0.0656
9-Aug-18,363.34,355.48,369.74,351.07,1.42,0.0222,6538.8,6283.7,6620.2,6197,237.66,0.0406
10-Aug-18,331.81,363.33,365.36,326.67,1.74,-0.0868,6152.3,6539.5,6570.2,6043.4,298.82,-0.0591
11-Aug-18,317.59,331.78,332.52,305.19,2.16,-0.0429,6231.6,6152.8,6469.6,6009.8,247.34,0.0129
12-Aug-18,318.18,317.63,327.51,314.71,1.52,0.0019,6313,6232.1,6453,6169.8,216.33,0.0131
13-Aug-18,284.01,318.2,321.22,281.17,2.33,-0.1074,6255.3,6313,6524.1,6159.6,234.09,-0.0091
14-Aug-18,278.19,284,284,250.84,5.96,-0.0205,6190.2,6255.3,6255.3,5898.3,3.66,-0.0104
15-Aug-18,281.12,278.3,303.85,277.91,5.17,0.0106,6256.9,6190.2,6592.8,6177.9,3.74,0.0108
16-Aug-18,286.76,281.12,298.19,278.6,4.08,0.0201,6306.7,6256.9,6470.9,6249.8,3.5,0.008
17-Aug-18,316.9,286.76,316.9,285.78,4.75,0.1051,6581.7,6306.7,6581.7,6291.8,3.2,0.0436
18-Aug-18,293.89,316.91,320.81,282.76,4.31,-0.0726,6379.1,6581.8,6626.4,6295.5,3.15,-0.0308
19-Aug-18,299.33,293.9,306.3,289.5,3.54,0.0185,6481.5,6379.1,6534.8,6316,2.71,0.0161
20-Aug-18,271.08,299.33,303.74,270.17,3.88,-0.0944,6268.1,6474.2,6516.4,6255.9,3.1,-0.0329
21-Aug-18,280.9,271.9,282.77,270.26,2.97,0.0362,6482.2,6268.1,6484.1,6257.4,1.46,0.0341
22-Aug-18,269.84,280.9,298.2,266.4,5.03,-0.0394,6359.6,6482.2,6840.8,6304.8,3.63,-0.0189
23-Aug-18,276.12,269.84,279.19,268.94,3.94,0.0233,6521.2,6359.9,6550.2,6359.2,2.76,0.0254
24-Aug-18,281.29,276.12,282.71,270.91,4.9,0.0187,6680.4,6521.2,6721.2,6472.8,3.7,0.0244
25-Aug-18,277.61,281.29,282.74,276.53,4.05,-0.0131,6734.8,6680.6,6783.4,6655.3,3.59,0.0081
26-Aug-18,274.46,277.61,281.34,269.75,4.14,-0.0114,6712.7,6734.9,6892.7,6573.1,3.37,-0.0033
27-Aug-18,286.57,274.46,286.57,271.9,4.89,0.0441,6897.6,6712.7,6902.9,6650.4,3.26,0.0275
28-Aug-18,295.62,286.57,297.86,282.57,4.71,0.0316,7074.6,6897.6,7129.7,6861.2,3.79,0.0257
29-Aug-18,288.42,295.61,297.11,284.45,4.84,-0.0244,7029.1,7074.6,7121.4,6926.7,4.11,-0.0064
30-Aug-18,283.97,288.41,290.91,272.85,4.99,-0.0154,6993.7,7029.2,7050.2,6798,3.74,-0.005
31-Aug-18,281.94,283.97,284.85,277.13,4.66,-0.0072,7033.8,6993.7,7080.2,6698,4.21,0.0057
1-Sep-18,295.31,281.94,301.92,281.76,4.53,0.0474,7189.6,7032.4,7264.3,7020.4,3.52,0.0221
2-Sep-18,295.05,295.32,299.38,289.45,5.85,-0.0009,7293.9,7189.6,7334.8,7117.3,3.9,0.0145
3-Sep-18,288.92,295.05,296.76,285.95,5.35,-0.0208,7264.2,7289.8,7330.7,7182.8,3.87,-0.0041
4-Sep-18,285.17,288.98,292.6,283.4,5.02,-0.0129,7377.5,7264.2,7409.9,7234.5,3.92,0.0156
5-Sep-18,228.77,285.17,288.01,227.76,6.21,-0.1978,6706.8,7377.5,7407.5,6691.8,4.55,-0.0909
6-Sep-18,229.6,228.76,232.66,212.9,5.81,0.0037,6514,6706.8,6732.9,6337.8,4.02,-0.0287
7-Sep-18,215.6,229.58,234.49,214.84,4.51,-0.061,6390.9,6514.1,6540.6,6316.2,3.3,-0.0189
8-Sep-18,196.79,215.51,220.85,191.16,4.47,-0.0872,6184.3,6390.9,6484.3,6132.3,3.46,-0.0323
9-Sep-18,195.8,196.69,208.23,187.26,5.47,-0.005,6238.5,6184.3,6432.6,6148.8,2.84,0.0088
10-Sep-18,197.04,195.81,203.64,187.35,4.38,0.0063,6321,6238.5,6358.5,6237.3,3.11,0.0132
11-Sep-18,185.07,197.05,200.42,177.29,5.15,-0.0608,6293.9,6320.7,6391.8,6189.6,3.3,-0.0043
12-Sep-18,182.98,185.07,186.57,169.08,5.83,-0.0113,6338,6293.9,6353.5,6204.5,3.04,0.007
13-Sep-18,211,183.11,214.57,183.11,7.46,0.1531,6482.9,6338,6867.3,6337.8,3.53,0.0229
14-Sep-18,209.98,210.98,224.6,203.16,7.71,-0.0048,6483.7,6482.9,6579.4,6412.1,3.2,0.0001
15-Sep-18,221.94,209.88,259.37,209.06,5.53,0.057,6519,6482.6,6562.9,6470.3,3.16,0.0054
16-Sep-18,220.2,221.94,223.14,208.61,4.64,-0.0079,6500.2,6519,6520.8,6406.2,3.34,-0.0029
17-Sep-18,196.24,220.2,224.48,192.87,7.49,-0.1088,6251.9,6500.2,6533.5,6215.9,3.26,-0.0382
18-Sep-18,209.03,196.17,213.93,195.24,5.32,0.0652,6342,6251.9,6388.8,6228.8,2.82,0.0144
19-Sep-18,209.74,209.02,214.91,199.19,5.68,0.0034,6390.4,6342,6478.7,6144.5,3.54,0.0076
20-Sep-18,224.42,209.74,225.48,207.78,4.47,0.07,6489.2,6390.4,6537.5,6346.4,5.18,0.0155
21-Sep-18,247.92,224.43,250.74,222.05,6.76,0.1047,6766.7,6490.9,6780.5,6489.8,7.73,0.0428
22-Sep-18,240.82,247.92,254.36,233.46,5.16,-0.0286,6729.6,6766.7,6833.3,6635.5,7.31,-0.0055
23-Sep-18,244.67,240.82,249.02,238.14,4.03,0.016,6704.1,6729.6,6789.4,6666.4,7.34,-0.0038
24-Sep-18,228.01,244.67,246.87,225.73,4.54,-0.0681,6584.1,6713.3,6728.1,6559.1,7.57,-0.0179
25-Sep-18,219.04,228.02,228.59,204.84,5.78,-0.0393,6445.1,6590.6,6590.6,5977,7.34,-0.0211
26-Sep-18,214.35,219.14,222.41,208.91,6.37,-0.0214,6468.1,6443,6551.9,6384.1,8.64,0.0036
27-Sep-18,229.15,214.46,232.6,211.31,7.37,0.0691,6689.2,6463.7,6738.3,6428.8,9.34,0.0342
28-Sep-18,221.77,229.18,234.14,215.39,7.34,-0.0322,6636,6685.7,6809.2,6538.6,9.57,-0.0079
29-Sep-18,231.87,221.95,237.45,215.15,8.9,0.0455,6603.9,6633.9,6648.4,6464.4,9.42,-0.0048
30-Sep-18,232.8,231.9,238.64,227.01,8.74,0.004,6635.2,6603.9,6673.9,6533.5,9.34,0.0047
1-Oct-18,231.77,232.8,235.95,225.33,8.31,-0.0044,6608.2,6635.2,6674.7,6072.7,9.19,-0.0041
2-Oct-18,225.84,231.77,232.97,223.75,8.17,-0.0256,6549.9,6608.2,6645.7,6034.9,9.34,-0.0088
3-Oct-18,220.51,225.84,227.15,216.44,8.47,-0.0236,6507.8,6549.9,6563.5,6429.6,9.21,-0.0064
4-Oct-18,222.57,220.48,227.14,219.75,7.83,0.0093,6584.2,6509.2,6653,6487.8,9.31,0.0117
5-Oct-18,228.34,222.33,231.88,220,7.63,0.0259,6639.1,6584.2,6682.3,6537.6,9.34,0.0083
6-Oct-18,225.18,228.34,228.69,223.01,8.2,-0.0138,6596.3,6639.1,6661.5,6550.4,9.18,-0.0065
7-Oct-18,226.11,225.19,227.44,222,1.47,0.0041,6611,6596.3,6633.9,6523.8,77.06,0.0022
8-Oct-18,229.84,226.11,231.66,224.79,1.3,0.0165,6669.6,6611,6699.5,6589.9,119.68,0.0089
9-Oct-18,228.25,229.83,232.66,226.81,945.43,-0.0069,6650.8,6669.6,6678.9,6613.3,80.79,-0.0028
10-Oct-18,226.3,228.28,231.32,224.74,1.07,-0.0085,6618,6650.6,6653.5,6526,101.93,-0.0049
11-Oct-18,190.89,226.33,226.36,188.65,3.5,-0.1565,6239.1,6618,6622.5,6206.2,245.28,-0.0572
12-Oct-18,196.7,190.89,202.9,190.89,1.69,0.0304,6291.3,6239.2,6344.8,6206.8,147.4,0.0084
13-Oct-18,201.22,196.67,206.13,196.41,976.3,0.023,6321.7,6291.3,6329.3,6282.8,94.45,0.0048
14-Oct-18,197.08,201.22,207.53,195.51,12.89,-0.0206,6326.8,6321.6,6390.9,6300,99.38,0.0008
15-Oct-18,214.26,197.09,235.83,195.4,41.35,0.0872,6699.8,6326.8,7358.4,6300.2,443.33,0.059
16-Oct-18,215.06,214.27,218.71,211.37,20.24,0.0037,6705.3,6712.4,6836.7,6645.4,155.85,0.0008
17-Oct-18,213.46,215.06,216.6,210.1,16.84,-0.0074,6686.6,6718.9,6745.9,6637.8,136.71,-0.0028
18-Oct-18,206.58,213.16,215.23,203.95,16.21,-0.0322,6574.1,6690.1,6736.3,6530.6,134.15,-0.0168
19-Oct-18,204.97,206.6,208.74,204.02,26.32,-0.0078,6512,6576.4,6603.2,6506.9,121.44,-0.0094
20-Oct-18,208.04,205.12,209.37,203.65,12.48,0.015,6572.2,6511.7,6593.7,6495.9,97.77,0.0092
21-Oct-18,207.37,207.76,211.65,207.04,14.65,-0.0032,6583,6575.9,6643.1,6568,92.94,0.0016
22-Oct-18,206.77,207.38,209.39,205.5,27.13,-0.0029,6555.8,6583,6612.7,6529.5,101.57,-0.0041
23-Oct-18,205.68,207.03,207.95,202.99,19.71,-0.0053,6528.7,6558.6,6573.6,6500.5,108.86,-0.0041
24-Oct-18,205.12,205.68,207.86,205,18.18,-0.0027,6530.7,6531.2,6593.8,6522.6,98.74,0.0003
25-Oct-18,204.11,205.12,206.12,202.99,15.68,-0.0049,6507,6532.5,6544.8,6491.5,97.43,-0.0036
26-Oct-18,204.58,204.08,208.94,203.19,13.99,0.0023,6510,6507,6570.5,6498.5,97.17,0.0005
27-Oct-18,204.36,204.78,206.22,203.06,9.76,-0.0011,6494.2,6510,6534,6473.7,76.72,-0.0024
28-Oct-18,204.99,204.36,205.52,203.05,9.11,0.0031,6486.1,6494.6,6502.2,6461.2,93.97,-0.0012
29-Oct-18,197.05,204.84,205.79,195.03,17.76,-0.0387,6335,6486.1,6498.4,6310.5,160.52,-0.0233
30-Oct-18,197.39,196.83,198.96,195.28,22.41,0.0017,6325.7,6336.7,6469.9,6316.5,128.21,-0.0015
31-Oct-18,198.59,197.27,201.89,193,19.69,0.0061,6365.9,6327.9,6405.7,6257.8,129.06,0.0064
1-Nov-18,198.17,198.59,199.79,197.84,12.55,-0.0021,6400.5,6365.9,6421.8,6354.2,124.16,0.0054
2-Nov-18,202.66,198.17,203.75,198.13,7.26,0.0227,6424.7,6400.5,6444.3,6390.9,135.87,0.0038
3-Nov-18,200.23,202.67,203.16,199.63,8.62,-0.012,6386.2,6424.5,6429.5,6346.2,112.84,-0.006
4-Nov-18,211.86,200.27,218.35,199.38,54.2,0.0581,6478.2,6386.2,6508.9,6359.7,128.76,0.0144
5-Nov-18,210.67,211.86,212.42,207.82,77.47,-0.0056,6459.7,6478.2,6489.2,6431.7,128.51,-0.0029
6-Nov-18,220.22,210.67,221.32,209.15,33.87,0.0454,6502.8,6460.4,6509.6,6441.6,154.87,0.0067
7-Nov-18,218.8,220.22,224.64,217.16,15.96,-0.0065,6565.3,6503.1,6594.3,6502,170.76,0.0096
8-Nov-18,212.87,218.8,220.53,212.79,23.56,-0.0271,6474,6565.3,6577.3,6466.3,159.3,-0.0139
9-Nov-18,211.39,212.87,215.26,209.23,3.47,-0.007,6412,6473.8,6496.1,6390,151.6,-0.0096
10-Nov-18,213.21,211.39,215.47,210.61,10.44,0.0086,6427.1,6411.9,6461.7,6411.7,115.87,0.0024
11-Nov-18,213.18,213.19,214.22,209.51,48.66,-0.0001,6446.1,6427.1,6451.7,6359,127.4,0.003
12-Nov-18,212.79,213.1,214.95,211.54,17.81,-0.0018,6435,6445,6475.9,6409.4,130.16,-0.0017
13-Nov-18,210.44,212.79,213.88,209.4,27.77,-0.011,6429.2,6435,6466.8,6386.7,137.6,-0.0009
14-Nov-18,187.46,210.44,210.59,177.34,45.72,-0.1092,5842.4,6428.9,6453.3,5619.2,438.21,-0.0913
15-Nov-18,184.1,187.51,189.79,171.99,69.51,-0.0179,5718.9,5854,5878.5,5384.1,375.86,-0.0211
16-Nov-18,177.01,184.1,184.88,175.29,43.39,-0.0385,5636.2,5723.5,5747.7,5539.7,224.12,-0.0145
17-Nov-18,176.53,176.99,177.93,174.94,44.19,-0.0027,5621.8,5636.2,5645.5,5561.4,156.51,-0.0026
18-Nov-18,178.65,176.53,182.07,176.06,1.59,0.012,5658.3,5621,5727.9,5615.5,158.68,0.0065
19-Nov-18,150.12,178.76,178.93,146.86,5.23,-0.1597,4883.8,5660.4,5662.5,4831.1,478.26,-0.1369
20-Nov-18,132.92,150.27,153.55,127.3,7.69,-0.1146,4524.6,4883.6,5013.4,4272.3,714.08,-0.0736
21-Nov-18,137.72,132.9,140.86,126.84,5.12,0.0361,4638.7,4523,4743.7,4393,412.74,0.0252
22-Nov-18,126.12,137.75,139.74,125.93,2.92,-0.0842,4356,4646.4,4695.7,4346.7,261.85,-0.0609
23-Nov-18,124.64,126.17,128.08,119.76,4.47,-0.0117,4398,4360.9,4455.6,4223.7,348.99,0.0096
24-Nov-18,114.43,124.63,129.34,111.79,3.81,-0.0819,3920.4,4397.3,4494.6,3821.5,382.72,-0.1086
25-Nov-18,118.04,114.42,121.1,102.8,6.74,0.0315,4062.2,3920.3,4198.4,3634.2,619.95,0.0362
26-Nov-18,110.08,118.03,120.56,106.44,5.09,-0.0675,3837,4061,4179,3679.8,571.04,-0.0554
27-Nov-18,111.18,110.08,113.67,102.84,5.42,0.01,3866.5,3840.3,3920.6,3687.8,457.27,0.0077
28-Nov-18,122.74,111.19,126.6,111.19,5.41,0.104,4265.4,3866.4,4391.8,3866.4,533.04,0.1032
29-Nov-18,117.85,122.75,123.77,114.81,4,-0.0399,4296.5,4265.5,4440.1,4140.6,414.46,0.0073
30-Nov-18,113.77,117.86,119.8,111.73,4.27,-0.0346,4039.7,4296.8,4340.6,3954.5,444.52,-0.0598
1-Dec-18,118.23,113.76,120.45,111.62,2.87,0.0391,4196.2,4038.7,4299.1,3967.1,316.3,0.0387
2-Dec-18,116.41,118.23,120.71,116.08,2.1,-0.0154,4160.4,4196.2,4316.1,4105.3,298.63,-0.0085
3-Dec-18,108.66,116.4,127.08,106.79,2.66,-0.0665,3897.8,4160.3,4177,3839.9,355.1,-0.0631
4-Dec-18,110.09,108.66,113.16,106.13,2.48,0.0131,3958.5,3899.9,4082.9,3809.3,326.71,0.0156
5-Dec-18,102.33,110.14,110.7,102.24,3.04,-0.0704,3771.6,3958.1,3974.1,3765.2,341.6,-0.0472
6-Dec-18,90.86,102.36,104.42,90.57,5.06,-0.1121,3508.6,3771.4,3887.2,3505.7,467.54,-0.0697
7-Dec-18,93.27,90.85,96.99,77.65,7.73,0.0265,3422.2,3508.9,3626.6,3251.8,639.33,-0.0246
8-Dec-18,90.57,93.28,97.98,84.75,5.68,-0.029,3430.4,3422.3,3507.7,3302.9,424.4,0.0024
9-Dec-18,93.62,90.56,98.76,88.82,4.88,0.0337,3567.5,3430.3,3677.6,3424.2,327.93,0.04
10-Dec-18,90.17,93.62,95.3,88.68,4.15,-0.0368,3460.5,3566.9,3622.4,3412.7,394.49,-0.03
11-Dec-18,88.32,90.18,91.94,86.25,4.38,-0.0205,3407.7,3460.4,3485.9,3349.9,418.53,-0.0153
12-Dec-18,89.62,87.72,91.33,87.19,3.46,0.0146,3466.1,3390.2,3510.2,3379.4,391.17,0.0172
13-Dec-18,86.31,89.62,90.72,84.83,3.94,-0.0369,3315.3,3466.2,3474.4,3284.8,435.89,-0.0435
14-Dec-18,83.81,86.31,87,82.28,3.84,-0.029,3247.8,3315.4,3336.6,3199.1,445.56,-0.0204
15-Dec-18,83.9,83.81,85.07,81.97,3.04,0.0011,3228.7,3247.8,3282.3,3177,332.95,-0.0059
16-Dec-18,84.72,83.9,87.62,83.89,3.61,0.0097,3247.9,3228.6,3305,3225.9,335.69,0.006
17-Dec-18,94.37,84.72,96.99,84.61,5.37,0.114,3526.1,3248.3,3597.4,3243.1,534.78,0.0857
18-Dec-18,100.66,94.37,101.33,91.96,4.66,0.0666,3668,3526,3683.1,3456.9,698.53,0.0402
19-Dec-18,99.37,100.68,107.89,98.57,5.58,-0.0128,3687.1,3668.1,3924.7,3647.5,792.4,0.0052
20-Dec-18,114.61,99.36,116.35,98.63,6.34,0.1535,4076,3687.2,4140.3,3665.8,958.58,0.1055
21-Dec-18,108.18,114.6,118.67,105.59,5.18,-0.0561,3850.9,4075.2,4153.1,3786.9,748.76,-0.0552
22-Dec-18,115.84,108.18,115.87,105.97,3.3,0.0707,3964.4,3850.9,3977.2,3803.7,554.59,0.0295
23-Dec-18,129.6,115.85,132.46,115.79,6.66,0.1188,3944.4,3964.3,4037.1,3904.6,572.21,-0.005
24-Dec-18,139.23,129.6,158.27,129.48,9.39,0.0743,4026.1,3944.5,4208.2,3941.9,716.29,0.0207
25-Dec-18,128.39,139.06,139.74,122.14,7.04,-0.0779,3762.5,4025.6,4030.7,3676.5,670.94,-0.0655
26-Dec-18,130.06,128.39,136.13,123.39,5.11,0.013,3793.7,3762.8,3841.9,3680.3,567.11,0.0083
27-Dec-18,114.56,130.06,131.51,112.59,4.83,-0.1192,3586.9,3793.4,3822.6,3560.8,543.44,-0.0545
28-Dec-18,136.61,114.57,137.22,113.14,5.94,0.1925,3861.6,3587.1,3900.3,3565.5,565.24,0.0766
29-Dec-18,133.67,136.59,146.02,130.71,5.92,-0.0215,3706.8,3861.6,3899.6,3696,505.41,-0.0401
30-Dec-18,138.45,133.64,139.76,129.51,4.35,0.0357,3815,3708.2,3837.7,3682.5,519.17,0.0292
31-Dec-18,131.9,138.45,138.72,129.61,3.23,-0.0473,3709.4,3815.1,3819.6,3658.8,545.83,-0.0277
1-Jan-19,139.61,131.9,140.51,130.67,3.05,0.0584,3809.4,3709.5,3814.3,3664.4,469.11,0.0269
2-Jan-19,152.95,139.58,155.93,138.74,5.51,0.0956,3873.8,3809.7,3894.8,3768.1,554.47,0.0169
3-Jan-19,146.94,152.96,154.3,144.39,4.02,-0.0393,3780.1,3874.1,3875.8,3753,450.32,-0.0242
4-Jan-19,152.86,146.94,155.4,145.29,4.92,0.0403,3802.7,3780.5,3823.9,3720,488.7,0.006
5-Jan-19,153.49,152.87,159.78,152.84,4.85,0.0041,3785.4,3802.8,3846.7,3769,468.45,-0.0046
6-Jan-19,154.96,153.48,158.29,148.63,4.23,0.0096,4004.1,3785.7,4034.1,3758.5,529.89,0.0578
7-Jan-19,149.96,154.96,156.36,148.47,2.88,-0.0323,3985.9,4004.3,4028,3945.5,500.88,-0.0045
8-Jan-19,148.41,149.96,152.21,146.29,3.04,-0.0103,3971,3985.8,4070.5,3943.1,514.08,-0.0037
9-Jan-19,148.79,148.41,152.57,147.95,2.34,0.0026,3978,3971,4014.2,3957.5,473.42,0.0017
10-Jan-19,125.63,148.78,150.09,121.98,6.48,-0.1556,3603.7,3978.9,4007.7,3562.1,697.31,-0.0941
11-Jan-19,125.15,125.61,127.83,121.28,3.77,-0.0039,3616.5,3603.3,3655.7,3563.1,551.64,0.0035
12-Jan-19,123.75,125.15,126.15,122.73,2.21,-0.0111,3597.2,3616.6,3633.9,3561.3,435.06,-0.0053
13-Jan-19,114.64,123.75,124.09,112.79,2.98,-0.0736,3490.2,3597.3,3617.6,3473.2,452.79,-0.0298
14-Jan-19,127.53,114.65,130.3,114.62,3.86,0.1124,3638.1,3490.4,3672,3490.4,539.93,0.0424
15-Jan-19,119.62,127.55,129.6,116.9,4.31,-0.062,3571.3,3637.5,3660.8,3545.7,544.85,-0.0184
16-Jan-19,121.72,119.59,126.5,119.1,3.83,0.0175,3588,3570.6,3644.1,3561.4,487.34,0.0047
17-Jan-19,122.03,121.71,123.03,117.51,3.61,0.0025,3626.4,3588.1,3636.7,3554.8,525.1,0.0107
18-Jan-19,119.34,122.02,122.19,118.27,2.59,-0.022,3605.6,3626.3,3627.9,3575.7,488.16,-0.0057
19-Jan-19,123.02,119.34,125.37,119.34,3.36,0.0309,3677.8,3605.8,3715.2,3604.1,537.06,0.02
20-Jan-19,117.52,123,123.52,116.25,3.93,-0.0447,3542.3,3676.2,3699.1,3503.9,563.31,-0.0368
21-Jan-19,116.05,117.52,118.04,114.15,4.8,-0.0125,3536.7,3542.7,3561.4,3505.4,394.17,-0.0016
22-Jan-19,118.23,116.05,119.47,112.36,5.11,0.0188,3580.1,3536.9,3607.9,3465.2,447.7,0.0123
23-Jan-19,116.84,118.23,119.01,115.52,4.35,-0.0118,3561.5,3580.1,3608.3,3532.8,445.87,-0.0052
24-Jan-19,116.71,116.84,117.32,114.93,4.38,-0.0011,3574.3,3561.4,3587,3539.7,428.6,0.0036
25-Jan-19,115.5,116.7,117.41,115.03,4.75,-0.0103,3572,3574.3,3582.6,3542.2,448.89,-0.0006
26-Jan-19,115.83,115.5,117.63,115.37,3.48,0.0029,3570.9,3572,3652.5,3556.1,432.55,-0.0003
27-Jan-19,112.5,115.83,116.24,112.03,4.65,-0.0288,3555.6,3570.9,3583.2,3509.2,464.02,-0.0043
28-Jan-19,105.82,112.5,113.14,101.6,7.45,-0.0594,3442.8,3555.8,3561.2,3395.7,620.85,-0.0317
29-Jan-19,104.79,105.82,107.32,102.89,5.41,-0.0098,3414.8,3442.8,3450.1,3368.2,585.46,-0.0081
30-Jan-19,108.52,104.76,109.67,103.82,5.95,0.0355,3460,3414.6,3479,3394.2,600.25,0.0132
31-Jan-19,106.71,108.51,110.56,105.86,5.11,-0.0166,3437.2,3460,3484.7,3427,477.07,-0.0066
1-Feb-19,106.98,106.74,108.54,104.41,4.98,0.0026,3467.9,3437.7,3485.7,3415.3,481.58,0.009
2-Feb-19,110.68,106.99,111.16,106.29,4.23,0.0346,3502.5,3467.9,3514.5,3447.8,443.6,0.01
3-Feb-19,107.62,110.67,111.25,106.36,5.01,-0.0277,3459.1,3502.3,3507.8,3431.3,451.66,-0.0124
4-Feb-19,107.9,107.63,109.24,106.95,5.02,0.0027,3462.8,3459,3479.7,3437.1,503.92,0.0011
5-Feb-19,107.37,107.91,108.32,106.6,4.67,-0.005,3468.4,3463,3485.9,3450.3,460.95,0.0016
6-Feb-19,104.63,107.37,107.67,102.28,6.15,-0.0255,3404.3,3468.5,3478,3383.9,514.21,-0.0185
7-Feb-19,104.55,104.63,106.12,104.29,5.05,-0.0008,3397.7,3404.9,3421.8,3390.3,471.36,-0.002
8-Feb-19,119.23,104.55,122.58,103.89,9.19,0.1405,3661.7,3397.3,3721.1,3382.5,699.23,0.0777
9-Feb-19,119.44,119.27,121.09,117.96,5.21,0.0017,3661.4,3661.6,3675.3,3633.2,454.8,-0.0001
10-Feb-19,124.92,119.44,125.46,116.42,6.32,0.0459,3679,3661,3680.6,3617.1,501.9,0.0048
11-Feb-19,121.3,124.94,125.05,119.55,6.13,-0.0289,3631.8,3678.8,3681.1,3623.8,517.28,-0.0128
12-Feb-19,122.64,121.32,123.99,119.28,5.74,0.011,3632,3631.8,3656.4,3594.4,545.82,0.0001
13-Feb-19,122.22,122.66,126.17,121.06,6.17,-0.0035,3611.5,3632,3663.5,3599.2,558.02,-0.0056
14-Feb-19,120.97,122.21,124.46,120.44,5.81,-0.0102,3592.6,3611.5,3624.5,3580.2,498.14,-0.0052
15-Feb-19,121.73,120.97,124,120.87,5.69,0.0063,3604.7,3592.6,3648.3,3581.4,516.21,0.0034
16-Feb-19,122.87,121.72,124.5,121.71,5.33,0.0094,3616.8,3604.7,3641.9,3599.7,485.63,0.0034
17-Feb-19,133.79,122.88,135.27,122.78,8.67,0.0889,3664.2,3616.8,3689.9,3607.9,580.51,0.0131
18-Feb-19,145.8,133.79,147.64,125.07,11.93,0.0898,3896,3664.2,3903.7,3655.1,933.15,0.0633
19-Feb-19,144.01,145.79,149.84,143.8,9.9,-0.0122,3914.3,3896.4,3993.8,3863.7,1.44,0.0047
20-Feb-19,149.11,144.02,149.46,140.88,8.61,0.0354,3972.4,3914.3,3983.6,3881.2,698.01,0.0148
21-Feb-19,145.78,149.01,149.55,143.5,7.21,-0.0223,3936.6,3972,4011.5,3909.2,668.16,-0.009
22-Feb-19,147.97,145.79,148.83,144.27,6.79,0.015,3965.2,3937.4,3983.1,3931.7,649.55,0.0073
23-Feb-19,158.3,147.97,159.31,146.28,8.31,0.0699,4120.4,3965.2,4152.6,3939.4,727.85,0.0391
24-Feb-19,132.93,158.31,165.79,132.87,14.3,-0.1603,3755.2,4120.5,4194.2,3738.7,977.78,-0.0886
25-Feb-19,138.27,132.94,141.57,132.85,10.55,0.0402,3833.7,3755.7,3870.7,3753.8,765.87,0.0209
26-Feb-19,136.67,138.26,138.66,134.48,11.75,-0.0115,3810.3,3833.5,3845.5,3775,2.09,-0.0061
27-Feb-19,135.2,136.66,159.6,128.15,16.11,-0.0108,3814.6,3810.3,3836.4,3701.9,2.82,0.0011
28-Feb-19,135.47,135.2,138.56,133.09,16.08,0.002,3816.6,3814.6,3883.7,3783.3,2.31,0.0005
1-Mar-19,135.72,135.47,138.06,128.46,9.73,0.0018,3821.9,3816.7,3855.8,3816.4,1.74,0.0014
2-Mar-19,132.76,135.72,136.36,130.74,11.29,-0.0218,3823.1,3821.9,3843.2,3783.6,1.61,0.0003
3-Mar-19,131.01,132.77,168.42,129.05,10.64,-0.0132,3809.5,3823.2,3836.6,3789.7,1.51,-0.0036
4-Mar-19,125.97,131.02,131.57,123.25,14.11,-0.0385,3715.9,3809.7,3828.4,3681.8,2.85,-0.0245
5-Mar-19,136.82,125.97,141.11,125.44,16.74,0.0861,3857.2,3715.9,3873.2,3705.7,3.82,0.038
6-Mar-19,137.62,136.82,149.49,133.94,14.7,0.0058,3863,3857.2,3887.3,3816.7,2.52,0.0015
7-Mar-19,136.93,137.62,139.98,135.72,13.29,-0.005,3875.1,3863.1,3907.4,3847.9,2.6,0.0032
8-Mar-19,133.85,136.93,139.45,131.66,12.38,-0.0225,3865.9,3875.1,3929,3810.7,2.96,-0.0024
9-Mar-19,137.52,133.84,138.57,133.38,10.79,0.0274,3944.3,3865.6,3964,3859.7,2.48,0.0203
10-Mar-19,135.72,137.52,137.75,134.53,9.21,-0.0131,3915.2,3944.4,3944.5,3889.2,1.89,-0.0074
11-Mar-19,132.99,135.72,136.23,131.66,11.17,-0.0201,3870.3,3915.2,3935.5,3842.4,3.19,-0.0115
12-Mar-19,133.8,132.99,134.93,129.14,13.03,0.0061,3886,3870.3,3900.1,3817.1,2.9,0.0041
13-Mar-19,131.97,133.81,133.84,131.2,9.59,-0.0137,3865.1,3885.9,3894.7,3847.4,2.28,-0.0054
14-Mar-19,132.45,131.97,134.82,130.48,9.79,0.0036,3879,3865.1,3914.7,3828.4,2.86,0.0036
15-Mar-19,136.75,132.44,137.68,132.44,12.55,0.0325,3924.3,3879,3935.7,3874.8,3.11,0.0117
16-Mar-19,141.15,136.77,143.95,136.75,16.89,0.0321,4006.4,3924.4,4050.6,3923.7,3.46,0.0209
17-Mar-19,138.91,141.15,141.17,137.61,9.79,-0.0159,3981.5,4006.4,4009.8,3956.3,1.87,-0.0062
18-Mar-19,137.92,138.91,141.87,136.86,12.87,-0.0071,3990.2,3981.5,4032.3,3958.5,2.62,0.0022
19-Mar-19,138.72,137.92,139.5,137.1,10.84,0.0058,4017,3990.2,4029.9,3972.4,2.99,0.0067
20-Mar-19,139.31,138.72,139.75,136.56,10.46,0.0042,4041.2,4017,4050,3985.3,3.18,0.006
21-Mar-19,135.11,139.32,139.74,133.05,12.95,-0.0302,3982.2,4041.2,4064,3923.8,3.88,-0.0146
22-Mar-19,136.42,135.11,137.44,134.65,10.18,0.0097,3990.4,3982.2,4005.7,3971.8,2.83,0.0021
23-Mar-19,137.53,136.42,138.3,135.76,9.16,0.0081,4002.5,3990.4,4018.2,3980.8,2,0.003
24-Mar-19,136.44,137.53,137.53,135.5,9.66,-0.0079,3994.7,4002.6,4005.7,3967,2.04,-0.002
25-Mar-19,134.25,136.44,137.05,132.36,11.49,-0.016,3937,3994.8,4000.5,3897.9,2.86,-0.0144
26-Mar-19,134.37,134.25,134.99,132.61,9.47,0.0008,3942.8,3937.1,3950.7,3899.9,2.53,0.0015
27-Mar-19,139.65,134.37,140.08,133.89,15.47,0.0393,4041.7,3942.8,4043.3,3936.2,2.78,0.0251
28-Mar-19,138.15,139.63,140.33,137.68,9.52,-0.0108,4025.6,4041.7,4041.7,4008.4,2.11,-0.004
29-Mar-19,143.38,138.17,143.53,138.13,12.09,0.0379,4102.2,4025.7,4123.1,4022.6,3.3,0.019
30-Mar-19,142.65,143.38,145.85,140.43,12.81,-0.0051,4111.8,4103.7,4138.1,4057.1,2.55,0.0023
31-Mar-19,141.79,142.65,142.69,140.71,9.33,-0.006,4102.3,4111.8,4121.9,4082.2,2.43,-0.0023
1-Apr-19,141.5,141.77,143.28,140.26,11.85,-0.002,4145.1,4102.3,4159.1,4076.8,3.22,0.0104
2-Apr-19,163.47,141.5,165.42,141.29,36.03,0.1553,4859.3,4145.1,4899.6,4143.5,14.77,0.1723
3-Apr-19,160.34,163.47,177.29,152.24,47.66,-0.0192,4968.7,4859.3,5278.4,4814,13.83,0.0225
4-Apr-19,157.43,160.34,164.33,153.26,13.55,-0.0181,4902.4,4968.7,5042.5,4789.2,1.05,-0.0133
5-Apr-19,164.93,157.43,167.34,156.42,10.06,0.0477,5010.2,4902.5,5029.4,4888.3,851.72,0.022
6-Apr-19,165.55,164.93,172.53,160.22,10.37,0.0037,5046.2,5010,5198.4,4947.9,952.18,0.0072
7-Apr-19,174.33,165.58,175.37,164.17,9.88,0.053,5173.6,5046.1,5219.5,5033.7,841.27,0.0253
8-Apr-19,179.16,174.32,185.54,171.87,14.83,0.0277,5245.2,5173.5,5300.6,5060.5,928.23,0.0138
9-Apr-19,175.09,179.16,179.24,172.15,10.82,-0.0227,5158.4,5245,5245.9,5095.2,784.62,-0.0165
10-Apr-19,177.37,175.09,183.49,171.61,12.1,0.013,5307.8,5158.4,5404.1,5142.9,837.51,0.0289
11-Apr-19,164.36,177.39,177.63,159.6,11.11,-0.0733,5022.6,5307.7,5337,4948,943.49,-0.0537
12-Apr-19,163.47,164.37,166.08,158.93,7.12,-0.0054,5054.2,5022.7,5080.5,4889.2,779.14,0.0063
13-Apr-19,163.19,163.46,165.27,161.34,5.52,-0.0017,5051.8,5054.2,5093.4,5011.6,577.16,-0.0005
14-Apr-19,167.29,163.19,168.18,161.52,5.89,0.0251,5134.8,5052,5153.5,5010.7,566.38,0.0164
15-Apr-19,160.17,167.3,168.63,153.65,7.71,-0.0425,5032.3,5135.1,5168,4964.2,688.2,-0.02
16-Apr-19,165.65,160.16,166.64,159.52,7.66,0.0342,5180.9,5031.4,5198.4,5014.4,631.05,0.0295
17-Apr-19,165.9,165.61,167.21,164.26,7.56,0.0016,5208.3,5182.1,5230.9,5165.5,806.52,0.0053
18-Apr-19,173.33,165.91,175.02,165.38,10.16,0.0448,5264.7,5208.3,5293.1,5205,727.97,0.0108
19-Apr-19,172.79,173.34,173.41,169.15,9.26,-0.0031,5241,5264.8,5282.4,5192.1,787.09,-0.0045
20-Apr-19,172.73,172.79,176.71,170.17,8.19,-0.0004,5290.2,5241,5327,5240.2,782.32,0.0094
21-Apr-19,168.52,172.89,173.42,164.81,8.78,-0.0243,5243.5,5290.2,5308.2,5189.8,811.41,-0.0088
22-Apr-19,170.87,168.5,172.32,167.07,8.62,0.0139,5346.7,5248.2,5370.2,5170.2,920.77,0.0197
23-Apr-19,169.95,170.87,175.92,169.01,10.17,-0.0054,5511.6,5346.5,5594.4,5291.4,900,0.0308
24-Apr-19,165.22,169.94,170.53,154.87,11.61,-0.0278,5415.6,5511.2,5589.6,5346.8,994.04,-0.0174
25-Apr-19,155.18,165.23,165.81,151.73,10.78,-0.0607,5209.1,5415.6,5528.2,5137.4,955.36,-0.0381
26-Apr-19,157.97,155.16,161.82,152.32,11.52,0.018,5298.3,5209.2,5469.3,5159.3,1.03,0.0171
27-Apr-19,159.41,157.96,161.95,156.74,8.51,0.0091,5265.9,5298.2,5318.1,5225.4,833.13,-0.0061
28-Apr-19,158.27,159.43,160.28,157.54,8.28,-0.0071,5302.3,5265.7,5332.5,5234.4,681.41,0.0069
29-Apr-19,154.93,158.3,159.16,152.6,10.69,-0.0211,5235,5302.4,5322.9,5188.9,775.82,-0.0127
30-Apr-19,161.8,154.94,162.56,154.94,9.57,0.0444,5320.8,5235.4,5336.6,5195.9,697.42,0.0164
1-May-19,160.38,161.84,163.7,158.85,7.74,-0.0088,5384.2,5321.1,5396.3,5319.5,623.64,0.0119
2-May-19,161.66,160.35,162.88,159.22,8.13,0.008,5493.8,5384.6,5530.8,5370,722.23,0.0204
3-May-19,167.86,161.66,169.8,160.86,10.23,0.0383,5766.8,5493.6,5844.2,5478.7,1.04,0.0497
4-May-19,163.68,167.87,171.04,160.36,10.23,-0.0249,5830.9,5768,5899.2,5605,920.61,0.0111
5-May-19,163.03,163.67,165.25,159.56,8.54,-0.0039,5774.9,5830.8,5838.2,5708.2,709.02,-0.0096
6-May-19,173,163.03,176.98,159.66,12.97,0.0611,5745.1,5775.1,5801.4,5630.5,755.39,-0.0052
7-May-19,169.34,172.99,181.39,169.06,15.23,-0.0211,5849.5,5745.5,6019.8,5745.5,955.88,0.0182
8-May-19,170.77,169.34,172.68,165.7,9.75,0.0084,5990.3,5849.4,6011.3,5799.1,757.13,0.0241
9-May-19,170.84,170.76,173.28,167.03,10.03,0.0004,6191.5,5990.5,6206,5990,799.96,0.0336
10-May-19,172.77,170.85,175.78,168.86,12.73,0.0113,6386,6194.3,6466.6,6157.8,907.94,0.0314
11-May-19,192.27,172.78,204.72,172.75,20.9,0.1128,7190.3,6386.6,7373.8,6386.5,1.31,0.1259
12-May-19,188.07,192.17,202.93,182.81,18.52,-0.0218,6984.8,7190,7518.9,6802.6,1.35,-0.0286
13-May-19,196.02,188.09,206.1,185.69,14.8,0.0422,7806,6984.7,8058.3,6893.1,1.2,0.1176
14-May-19,217.42,196,220.02,195.22,16.8,0.1092,7994.6,7806.4,8323.9,7674,1.33,0.0242
15-May-19,248.15,217.34,249.78,217.32,18.66,0.1413,8164.6,7994.8,8225.3,7856.5,1.13,0.0213
16-May-19,264.69,248.14,278.52,244.27,25.14,0.0666,7871.8,8164.8,8293.3,7720.4,1.18,-0.0359
17-May-19,244.45,264.68,267.8,224.62,22.54,-0.0765,7359.5,7871.9,7924,6998.6,1.43,-0.0651
18-May-19,233.89,244.38,247.84,232.13,13.93,-0.0432,7262.6,7359.9,7458.5,7189.4,865.53,-0.0132
19-May-19,259.63,233.87,263.05,232.85,14.38,0.1101,8157.2,7261.9,8253.4,7252.3,1.08,0.1232
20-May-19,250.72,259.68,259.68,238.64,12.38,-0.0343,7965.3,8156.4,8156.4,7604,958.81,-0.0235
21-May-19,253.76,250.72,261.59,246.85,10.24,0.0121,7930.3,7965,8056.8,7813.2,804.88,-0.0044
22-May-19,244.34,253.7,259.7,241.68,10.83,-0.0371,7635.7,7928.7,7999,7545.9,821.4,-0.0372
23-May-19,244.68,244.35,247.3,231.89,13.07,0.0014,7852.1,7637.2,7939.1,7486.8,815.14,0.0283
24-May-19,249.17,244.68,254.22,241.74,10.07,0.0183,7970.1,7852.8,8124.1,7775.4,868.47,0.015
25-May-19,250.68,249.2,256.9,247.9,8.58,0.0061,8027.4,7971.4,8090.1,7919.1,691.27,0.0072
26-May-19,264.68,250.69,268.75,245.92,10.06,0.0559,8630.2,8029.6,8718.6,7866.5,872.12,0.0751
27-May-19,270.98,264.66,279.07,262.96,11.58,0.0238,8760.1,8628.9,8902.8,8607.3,907.96,0.0151
28-May-19,271.18,270.97,275.39,265.5,9.35,0.0008,8716.3,8759.4,8794.1,8568.8,763.2,-0.005
29-May-19,268.61,271.16,273.72,260.85,22.33,-0.0095,8647.8,8715.6,8747.2,8435.3,15.43,-0.0079
30-May-19,254.52,268.62,287.99,241.51,15.52,-0.0524,8271.9,8647.8,9045.9,8054.7,1.04,-0.0435
31-May-19,267.99,254.57,268.7,246.61,11.63,0.0529,8558.3,8271.4,8578.8,8135,858.41,0.0346
1-Jun-19,264.31,267.94,274.94,261.14,9.06,-0.0137,8545.7,8556.9,8615.8,8454,686.75,-0.0015
2-Jun-19,269.01,264.26,272.64,263.59,7.31,0.0178,8728.6,8545.8,8807.7,8534.8,614.54,0.0214
3-Jun-19,250.37,269.03,269.77,248.77,9.23,-0.0693,8124.8,8728.6,8734.9,8102.7,739.45,-0.0692
4-Jun-19,241.26,250.26,251.47,235.35,11.39,-0.0364,7685.5,8118.1,8118.1,7494,966.95,-0.0541
5-Jun-19,245.83,241.27,248.24,237.94,8.64,0.0189,7779.1,7685.6,7885,7590.4,762.94,0.0122
6-Jun-19,248.54,245.81,250,236.4,7.72,0.011,7784.9,7779.6,7861.4,7480.4,651.82,0.0008
7-Jun-19,248.98,248.63,253.12,244.33,7.41,0.0018,7985.2,7785.8,8099.4,7749.4,588.87,0.0257
8-Jun-19,243.42,248.98,250.51,241.09,6.23,-0.0223,7901.4,7985.3,8044.4,7770.5,485.81,-0.0105
9-Jun-19,231.27,243.43,244.36,227,7.8,-0.0499,7635,7901.6,7937.5,7516.9,554.48,-0.0337
10-Jun-19,246.86,231.21,246.99,227.38,8.39,0.0674,7987.8,7635,8012.8,7523.6,641.38,0.0462
11-Jun-19,244.41,246.85,247.77,237.6,6.92,-0.0099,7888,7987.8,8010.4,7714.5,579,-0.0125
12-Jun-19,261.54,244.38,261.67,242.57,7.89,0.0701,8133.1,7888,8198.1,7805.8,607.89,0.0311
13-Jun-19,254.86,261.38,262.47,254.02,7.3,-0.0255,8219,8132.4,8306.1,8028.6,574.21,0.0106
14-Jun-19,262.53,254.89,268.81,252.01,6.87,0.0301,8656.1,8218.6,8685.3,8153.2,643.17,0.0532
15-Jun-19,267.75,262.53,271.61,260.92,6.52,0.0199,8812.5,8655.8,8856.7,8582.3,608.69,0.0181
16-Jun-19,267.98,267.74,282.75,263.96,8.66,0.0009,8962.5,8812.2,9332,8771.1,849.77,0.017
17-Jun-19,273,268,274.14,266.96,7.41,0.0187,9318.8,8961,9438.1,8959.8,738.8,0.0398
18-Jun-19,264.59,273.02,273.26,261.76,7.39,-0.0308,9080.6,9318.9,9336.1,8962.7,723.17,-0.0256
19-Jun-19,268.26,264.59,269.79,263.61,6.23,0.0139,9255.4,9080.7,9295.1,9044,587.57,0.0193
20-Jun-19,271.43,268.26,273.18,264.83,7.04,0.0118,9517,9255,9583.9,9188.4,693.62,0.0283
21-Jun-19,294.72,271.45,295.72,271.45,11.06,0.0858,10179.3,9517.7,10184.3,9517.4,769.12,0.0696
22-Jun-19,310.38,294.69,314,292.09,10.69,0.0531,10721.7,10178.1,11160.5,10031.3,1.09,0.0533
23-Jun-19,308.53,310.39,320.79,306.12,8.49,-0.0059,10897.1,10721.5,11361.3,10557.8,683.79,0.0164
24-Jun-19,311.46,308.51,313.67,297.9,7.1,0.0095,11046.4,10897.3,11114.4,10622.6,566.96,0.0137
25-Jun-19,317.65,311.47,318.49,307.75,8.51,0.0199,11809.9,11046.6,11833.9,11033.7,781.09,0.0691
26-Jun-19,338.54,317.65,364.89,315.99,15.73,0.0658,13063.8,11811.6,13929.8,11747.3,1.48,0.1062
27-Jun-19,297.55,338.54,345.83,279.82,16.13,-0.1211,11287.8,13062.4,13422,10493.5,1.59,-0.1359
28-Jun-19,310.56,297.73,312.7,295.3,9.93,0.0437,12409.1,11288.4,12461.8,10970.5,1.09,0.0993
29-Jun-19,318.48,310.52,324.13,295.44,9.03,0.0255,11906.5,12408,12422.9,11490.8,834.62,-0.0405
30-Jun-19,292.21,318.26,323.21,290.78,9.82,-0.0825,10818.6,11906,12179.3,10765.4,880.77,-0.0914
1-Jul-19,294.83,292.23,303,280.35,9.57,0.009,10616.6,10821.4,11254.5,10041.6,1.04,-0.0187
2-Jul-19,291.41,294.87,297,273.07,10.3,-0.0116,10835.9,10615.5,10923.5,9728.5,1.12,0.0207
3-Jul-19,300.58,291.48,301.64,289.39,7.9,0.0314,11900.8,10835.9,11931.8,10835.9,998.73,0.0983
4-Jul-19,283.43,300.51,301.56,281.18,7.26,-0.057,11163.1,11899.3,11948,11087.1,840.34,-0.062
5-Jul-19,287.15,283.36,293.61,281.92,7.8,0.0131,10970.2,11159.7,11381.8,10810.3,772.67,-0.0173
6-Jul-19,288.08,287.16,296.06,285.61,7.56,0.0032,11268,10969.8,11650.2,10967.9,688.96,0.0271
7-Jul-19,304.88,288.11,309.42,285.28,8.43,0.0583,11415.9,11267.9,11524.6,11108.1,601.93,0.0131
8-Jul-19,312.23,304.87,313.15,301.6,8.5,0.0241,12252.6,11415.8,12332.3,11304.8,695.6,0.0733
9-Jul-19,307.41,312.23,317.94,303.38,9.13,-0.0154,12541.5,12250.6,12772.9,12111.2,847.84,0.0236
10-Jul-19,289.1,307.44,313.81,281.53,12.44,-0.0596,12110.6,12542.8,13134.4,11594.9,1.11,-0.0344
11-Jul-19,268.72,289.13,289.14,263.08,11.36,-0.0705,11342.3,12111.6,12111.6,11029,943.13,-0.0634
12-Jul-19,274.68,268.72,278.33,266.81,7.95,0.0222,11762.1,11343.7,11881.4,11109.8,738.17,0.037
13-Jul-19,269.16,274.68,275.04,262.85,7.84,-0.0201,11364.9,11762.8,11798.4,10839.4,747.71,-0.0338
14-Jul-19,226.62,269.12,269.62,223.95,11.86,-0.158,10200.1,11364.3,11448.7,10128.9,840.76,-0.1025
15-Jul-19,228.49,226.56,235.43,204.39,14.59,0.0082,10845.9,10199.9,11064.7,9885.4,956.52,0.0633
16-Jul-19,198.87,228.49,234.41,193.48,14.52,-0.1296,9424.8,10844,11019.5,9375.3,1.05,-0.131
17-Jul-19,210.95,198.88,219.13,192.91,13.51,0.0607,9723.2,9425.1,9983.6,9082.6,1.03,0.0317
18-Jul-19,225.23,210.95,228.42,206.47,12.65,0.0677,10651.4,9723.1,10787.1,9390,974.49,0.0955
19-Jul-19,220.09,225.23,225.68,213.57,9.38,-0.0228,10571.5,10651.6,10758.4,10160.7,727.79,-0.0075
20-Jul-19,227.86,220.11,233.7,219.8,9.12,0.0353,10826.7,10571.9,11155.6,10462,668.94,0.0241
21-Jul-19,225.01,227.83,228.76,217.72,8.5,-0.0125,10714.4,10827,10883.8,10442.5,562.17,-0.0104
22-Jul-19,217.27,225.03,227.47,212.46,8.6,-0.0344,10412.5,10715.1,10806.3,10196.5,591.27,-0.0282
23-Jul-19,211.87,217.27,218.03,208.31,8.7,-0.0249,9888.7,10412.8,10414.7,9865.4,663.38,-0.0503
24-Jul-19,215.44,211.86,217.02,202.3,9.72,0.0169,9804.3,9887.2,9945.3,9584,639.54,-0.0085
25-Jul-19,217.65,215.45,224.05,214.79,8.42,0.0102,9945.3,9804.7,10203.5,9776.6,545.85,0.0144
26-Jul-19,217.83,217.65,218.65,212.07,6.96,0.0009,9831,9945.2,10436.1,9724.2,493.75,-0.0115
27-Jul-19,206.62,217.8,222.7,203.5,8.55,-0.0515,9492.1,9830.4,10232.3,9389.1,661.89,-0.0345
28-Jul-19,210.37,206.64,212.01,199.68,7.54,0.0181,9727.8,9491.1,9798.5,9401.1,518.59,0.0248
29-Jul-19,209.82,210.39,214.45,207.37,7.2,-0.0026,9580.9,9728.5,9835.4,9502.5,510.9,-0.0151
30-Jul-19,208.49,209.81,212.88,204.54,7.15,-0.0063,9580.7,9580,9703,9483,511.51,0
31-Jul-19,217.23,208.49,218.19,208.17,7.51,0.0419,10082,9580.3,10100,9562.4,589.84,0.0523
1-Aug-19,216.37,217.23,217.55,211.23,7.09,-0.004,10380,10081.9,10459,9890.6,608.37,0.0296
2-Aug-19,216.54,216.37,220.84,213.93,7.56,0.0008,10520.1,10380.5,10664.8,10330.5,578.29,0.0135
3-Aug-19,220.89,216.52,223,215.52,6.99,0.0201,10815.7,10519.9,10893.6,10504.5,508.75,0.0281
4-Aug-19,220.72,220.89,222.21,216.31,6.51,-0.0008,10934.6,10816.1,11017.7,10568.8,585.71,0.011
5-Aug-19,232.45,220.76,235,220.75,9.79,0.0531,11816.8,10934.8,11922.3,10934.8,769.63,0.0807
6-Aug-19,225.63,232.45,237.47,222.46,9.35,-0.0293,11480.9,11817.6,12291.9,11237,807.58,-0.0284
7-Aug-19,224.66,225.62,229.22,220.62,7.9,-0.0043,12013.9,11481,12114.5,11406.4,702.85,0.0464
8-Aug-19,220.16,224.68,226.11,215.57,7.54,-0.02,12191.6,12015.9,12236.6,11727,592.15,0.0148
9-Aug-19,209.49,220.12,220.49,206.4,9.66,-0.0484,12089.8,12190,12225.3,11885,558.72,-0.0084
10-Aug-19,205.93,209.46,213.53,202.35,8.7,-0.017,11314.5,12090.5,12185,11281.6,570.74,-0.0641
11-Aug-19,215.83,205.92,216.23,205.64,7.63,0.0481,11517.2,11314.6,11728.4,11146.1,435.83,0.0179
12-Aug-19,210.45,215.84,215.97,209.49,7.94,-0.0249,11394.2,11505.1,11508.6,11267.3,391.08,-0.0107
13-Aug-19,207.68,210.48,211.01,106.01,18.29,-0.0132,10892.9,11395,11445.6,10793.2,540.78,-0.044
14-Aug-19,186.56,207.68,209.43,183.74,12.46,-0.1017,10049.4,10894.2,10894.5,9965.5,745.59,-0.0774
15-Aug-19,187.8,186.59,189.3,176.08,14.03,0.0066,10303.4,10053.3,10448.2,9580.1,930.05,0.0253
16-Aug-19,184.55,187.67,188.03,179.35,11.33,-0.0173,10335.6,10300.9,10734,9788.6,798.67,0.0031
17-Aug-19,184.81,184.55,186.12,181.58,8.78,0.0014,10218.1,10335.5,10460.7,10016.3,497.77,-0.0114
18-Aug-19,193.68,184.83,197.17,182.96,9.11,0.048,10312.7,10219.3,10494.9,10086.7,441.11,0.0093
19-Aug-19,201.64,193.67,202.81,192.33,8.14,0.0411,10910.7,10312.8,10923.9,10267.8,519.01,0.058
20-Aug-19,196.14,201.65,201.96,194.55,10.01,-0.0273,10752.6,10911.2,10941.6,10581,515.47,-0.0145
21-Aug-19,187.24,196.15,196.78,181.29,12.98,-0.0454,10141.5,10753.3,10797.8,9908,717.65,-0.0568
22-Aug-19,190.29,187.27,194.42,182.97,9.97,0.0163,10105,10141.1,10218.2,9777,520.75,-0.0036
23-Aug-19,193.43,190.29,195.32,175.8,8.56,0.0165,10388.7,10104.9,10434.3,9921.4,436.26,0.0281
24-Aug-19,190.15,193.42,193.47,186.13,8.38,-0.017,10131,10389.4,10415.9,9917.5,463.85,-0.0248
25-Aug-19,186.3,190.16,191.49,182.81,7.58,-0.0202,10136.3,10132.1,10307,9935.2,422.53,0.0005
26-Aug-19,188.34,186.32,193.09,186.02,9.02,0.0109,10371.8,10136,10568.2,10136,568.77,0.0232
27-Aug-19,186.58,188.36,188.61,184.26,7.19,-0.0093,10184.8,10372.2,10387.6,10060.2,419.81,-0.018
28-Aug-19,172.85,186.6,187.13,167.57,9.72,-0.0736,9729.4,10184.7,10271.3,9629.6,580.29,-0.0447
29-Aug-19,168.66,172.85,173.05,164.04,9.55,-0.0243,9491,9729.1,9729.1,9343,509.13,-0.0245
30-Aug-19,168.16,168.68,170.27,165.38,7.49,-0.0029,9585.4,9494.1,9675.7,9370.2,413.92,0.0099
31-Aug-19,171.62,168.14,174.43,166.16,7.89,0.0206,9594.4,9585.5,9677.5,9457.3,311.49,0.0009
1-Sep-19,169.72,171.62,173.22,167.08,7.8,-0.0111,9729.3,9594.7,9799.5,9533.6,322.66,0.0141
2-Sep-19,178.11,169.72,180.56,169.45,9.27,0.0494,10348.8,9728.8,10431.5,9720.3,542.79,0.0637
3-Sep-19,178.81,178.1,182.59,175.37,9.03,0.0039,10612.3,10348.1,10756.8,10283.5,578.79,0.0255
4-Sep-19,174.79,178.82,180.06,173.85,7.55,-0.0225,10568.2,10611.6,10783.6,10388.6,504.45,-0.0042
5-Sep-19,173.83,174.8,175.56,170.54,7.4,-0.0055,10566.9,10567.8,10630.7,10469.9,402.09,-0.0001
6-Sep-19,169.15,173.82,177.79,166.16,9.98,-0.027,10309.3,10566.7,10896.2,10227.4,643.02,-0.0244
7-Sep-19,177.74,169.14,180.63,168.42,9.05,0.0508,10461.1,10306.9,10556.4,10302.3,393.57,0.0147
8-Sep-19,181.44,177.76,183.42,177.36,8.34,0.0208,10402.8,10461.6,10578,10266.3,339.73,-0.0056
9-Sep-19,180.65,181.45,184.76,176.25,9.64,-0.0044,10309,10402.1,10478,10095.7,473.76,-0.009
10-Sep-19,180.05,180.64,184.16,177.44,8.27,-0.0033,10105.4,10308.7,10379.8,9970.7,383.22,-0.0198
11-Sep-19,178.47,180.05,182.27,174.86,10.66,-0.0088,10162.5,10104.9,10257.5,9908.9,413.06,0.0057
12-Sep-19,180.87,178.48,182.37,176.85,7.19,0.0135,10415.1,10162.4,10447.9,10051,413.22,0.0249
13-Sep-19,181.11,180.87,181.53,177.79,7.68,0.0013,10342.1,10415.2,10441.4,10174.1,365.52,-0.007
14-Sep-19,188.16,181.06,188.54,180.09,8.63,0.0389,10337.3,10342.2,10421.4,10253.7,326.44,-0.0005
15-Sep-19,189.1,188.17,190.23,185.92,7.3,0.005,10311.5,10337.3,10360.4,10272,255.79,-0.0025
16-Sep-19,197.32,189.1,198.82,188.68,10.01,0.0435,10255.5,10311.3,10360.5,10108.5,372.53,-0.0054
17-Sep-19,207.77,197.33,214.45,195.95,11.69,0.0529,10195.7,10254.6,10273.6,10153.5,321.64,-0.0058
18-Sep-19,210.43,207.8,216.89,207.69,9.78,0.0128,10164.7,10195.7,10257.5,10119.3,318.82,-0.003
19-Sep-19,220.21,210.44,223.35,202.95,12.42,0.0465,10250.5,10164.6,10297.6,9707.6,542.25,0.0084
20-Sep-19,218,220.22,221.27,213.12,9.1,-0.01,10172.7,10251.5,10279.5,10088.6,362.07,-0.0076
21-Sep-19,215.22,218.01,221.17,213.71,8.69,-0.0128,9993,10172.8,10177.9,9939.8,326.17,-0.0177
22-Sep-19,211.13,215.23,215.64,206.71,9.72,-0.019,10031.6,9993,10075,9870.9,337.06,0.0039
23-Sep-19,201.18,211.16,211.76,199.82,9.65,-0.0471,9702.2,10031.3,10048.8,9656.3,431.1,-0.0328
24-Sep-19,166.29,201.22,202.97,164.78,19.02,-0.1734,8513.9,9702.7,9793.8,8069.4,933.16,-0.1225
25-Sep-19,168.92,166.29,174.26,162.12,13.88,0.0158,8432.4,8512.3,8729.8,8245.1,696.11,-0.0096
26-Sep-19,164.56,168.93,169.81,153.17,11.97,-0.0258,8063.8,8432.5,8463.1,7773.6,731.03,-0.0437
27-Sep-19,173.19,164.58,175.65,161.32,10.94,0.0524,8184.9,8063.8,8257.4,7882.1,561.4,0.015
28-Sep-19,173.62,173.19,175.15,168.56,10.22,0.0025,8208.5,8184.5,8297.2,8031.1,457.79,0.0029
29-Sep-19,169.29,173.62,174.43,164.97,9.9,-0.0249,8049.1,8208,8226.8,7922.1,418.48,-0.0194
30-Sep-19,180.35,169.28,180.52,165.59,11.93,0.0653,8284.3,8048.9,8318.5,7749,600.26,0.0292
1-Oct-19,175.78,180.36,184.95,174.03,11.88,-0.0254,8302.7,8285,8486.2,8187.9,533.95,0.0022
2-Oct-19,180.27,175.78,180.84,173.97,8.47,0.0256,8364.1,8302.7,8374,8167.7,405.86,0.0074
3-Oct-19,174.54,180.26,180.57,170.65,8.89,-0.0318,8226.9,8363.6,8391.7,8090.1,460.97,-0.0164
4-Oct-19,175.65,174.58,178.43,171.33,8.44,0.0064,8148.1,8227.6,8233.6,8041.4,416.92,-0.0096
5-Oct-19,176.43,175.65,176.63,172.39,7.3,0.0044,8127.3,8148,8185.1,8030.6,360.92,-0.0025
6-Oct-19,170.55,176.44,176.87,168.74,7.97,-0.0333,7881.9,8127.3,8145.5,7834.9,448.8,-0.0302
7-Oct-19,179.87,170.52,182.03,169.13,10.95,0.0546,8198.6,7882.6,8293.5,7797,604.74,0.0402
8-Oct-19,180.78,179.81,184.57,177.74,10.26,0.0051,8182.9,8198.5,8323.1,8118.1,469.04,-0.0019
9-Oct-19,192.64,180.74,195.08,179.39,12.43,0.0656,8566.7,8180.1,8655.9,8122.7,636.43,0.0469
10-Oct-19,191.1,192.65,194.08,187.33,10.42,-0.008,8562.3,8566.8,8638.5,8438.7,511.46,-0.0005
11-Oct-19,180.6,191.11,195.87,179.76,13.31,-0.0549,8267.8,8562.2,8751.1,8249.7,667.86,-0.0344
12-Oct-19,179.87,180.6,184.49,178.78,9.85,-0.004,8304.4,8267.6,8394.8,8260.9,424.02,0.0044
13-Oct-19,181.11,179.86,184.42,178.89,8.22,0.0069,8281.5,8304.3,8450.2,8190.6,419.87,-0.0028
14-Oct-19,186.63,181.07,186.99,180.65,9.91,0.0305,8353.3,8281.3,8374.3,8222.2,505.02,0.0087
15-Oct-19,180.59,186.64,187.67,178.26,11.45,-0.0323,8167.2,8353.4,8400.2,8139.5,469.73,-0.0223
16-Oct-19,174.53,180.57,181.08,172.49,12.28,-0.0336,8000.4,8167.1,8185.9,7929.8,538.92,-0.0204
17-Oct-19,177.31,174.52,178.33,172.12,9.45,0.0159,8073.3,8000.4,8118.2,7944.4,444.95,0.0091
18-Oct-19,172.81,177.31,177.47,169.28,11.27,-0.0254,7948.5,8073.3,8116.4,7842,505.79,-0.0155
19-Oct-19,171.91,172.79,174.81,170.38,9.89,-0.0052,7957.3,7948.3,8060.2,7892.4,428.83,0.0011
20-Oct-19,175.14,171.93,176.17,169.56,10.1,0.0188,8223.4,7957.4,8288.5,7889.6,513.91,0.0334
21-Oct-19,174.18,175.14,177.67,171.91,9.24,-0.0055,8208.2,8224.1,8315.3,8155.7,489.4,-0.0018
22-Oct-19,171.42,174.17,175.08,170.82,9.86,-0.0158,8031.4,8207.4,8289.1,8017.7,570.39,-0.0215
23-Oct-19,162.28,171.44,171.61,154.42,16,-0.0534,7477,8031,8055,7329.2,892.08,-0.069
24-Oct-19,160.73,162.26,163.68,159.4,11.36,-0.0095,7422.7,7476.8,7501.5,7366.3,586.49,-0.0073
25-Oct-19,181.49,160.73,186.24,160.41,16.19,0.1292,8658.3,7422.8,8697.7,7404.9,1.18,0.1665
26-Oct-19,179.62,181.5,192.54,174.35,19.63,-0.0103,9230.6,8658.4,10540,8061.8,1.78,0.0661
27-Oct-19,184.05,179.61,188.33,176.47,14.54,0.0246,9529.6,9230.6,9773.2,9081,1.16,0.0324
28-Oct-19,181.67,184.06,188.91,180.7,12.75,-0.0129,9207.2,9530.1,9866.9,9202.5,1.04,-0.0338
29-Oct-19,190.45,181.67,192.28,181.67,14.03,0.0483,9411.3,9206.5,9531.3,9125.3,918.48,0.0222
30-Oct-19,183.25,190.44,191.58,180.58,13.67,-0.0378,9157.9,9411.3,9411.3,9018.4,789.73,-0.0269
31-Oct-19,182.37,183.25,185.21,178.24,12.94,-0.0048,9152.6,9157.9,9378.9,8959.6,798.93,-0.0006
1-Nov-19,183.12,182.38,184.28,178.69,10.78,0.0041,9230.1,9153.1,9270.4,9057.2,689.65,0.0085
2-Nov-19,183.01,183.12,185.18,181.94,8.71,-0.0006,9300.6,9230.3,9356.7,9201.2,570.74,0.0076
3-Nov-19,181.7,183.01,184.51,179.46,10.41,-0.0072,9198.3,9300.5,9359.1,9095,536.56,-0.011
4-Nov-19,185.85,181.72,188.27,180.69,11.89,0.0229,9396.4,9198.7,9500.4,9134.1,681.01,0.0215
5-Nov-19,188.67,185.86,191.45,183.12,11.78,0.0151,9310.8,9396.1,9452.7,9193.9,653.42,-0.0091
6-Nov-19,191.28,188.66,194.11,188.13,11.72,0.0138,9338.9,9311.2,9424.6,9262.7,578.03,0.003
7-Nov-19,186.94,191.28,192.27,185.48,11.49,-0.0227,9223.5,9339.2,9367,9130,603.54,-0.0124
8-Nov-19,184.03,186.95,188.35,181.83,11.71,-0.0156,8778.2,9223.6,9254.8,8722.4,791.79,-0.0483
9-Nov-19,184.96,184.02,185.73,182.86,8.31,0.005,8804.5,8778.1,8877.5,8746.9,512.02,0.003
10-Nov-19,188.99,184.96,191.28,183.55,10.95,0.0218,9036.8,8804.7,9092.9,8763.5,581.57,0.0264
11-Nov-19,185.09,188.98,190.17,184.32,10.26,-0.0206,8736.9,9036.9,9066.4,8649.4,601.16,-0.0332
12-Nov-19,186.99,185.09,187.44,183.24,9.35,0.0103,8812.6,8737.4,8841.2,8615.7,575.16,0.0087
13-Nov-19,188.36,187,189.45,185.7,7.77,0.0073,8783.1,8813.2,8829.7,8721.1,454.33,-0.0033
14-Nov-19,185.25,188.36,188.91,183.96,9.57,-0.0165,8661.2,8782.9,8799.8,8615.8,515.43,-0.0139
15-Nov-19,180.19,185.24,186.1,178.29,11.86,-0.0273,8476.3,8660.8,8761.8,8437.1,653.71,-0.0213
16-Nov-19,182.42,180.19,183.46,179.53,7.62,0.0124,8497.3,8476.2,8532.8,8450.7,471.16,0.0025
17-Nov-19,184.18,182.39,185.97,180.49,8.57,0.0097,8509.8,8497.4,8631.7,8413,531.22,0.0015
18-Nov-19,178.5,184.19,184.33,176.08,9.57,-0.0309,8208.4,8510.3,8516.3,8110.4,692.6,-0.0354
19-Nov-19,177.75,178.49,178.7,177.34,9.55,-0.0042,8184.4,8207.7,8245.6,8184.4,689.66,-0.0029
